customer_id,customer_name,email,phone,city,registration_date,customer_segment
CUST_0001,Customer 1,customer1@email.com,0895822412,Jakarta,2025-05-25,Bronze
CUST_0002,Customer 2,customer2@email.com,0846913810,Surabaya,2025-02-12,Premium
CUST_0003,Customer 3,customer3@email.com,0823756669,Semarang,2025-04-23,Bronze
CUST_0004,Customer 4,customer4@email.com,0866629388,Jakarta,2025-05-22,Premium
CUST_0005,Customer 5,customer5@email.com,0839345092,Surabaya,2024-09-21,Bronze
CUST_0006,Customer 6,customer6@email.com,0813561597,Semarang,2025-02-25,Bronze
CUST_0007,Customer 7,customer7@email.com,0897226012,Semarang,2024-11-04,Premium
CUST_0008,Customer 8,customer8@email.com,0870291817,Semarang,2025-01-15,Premium
CUST_0009,Customer 9,customer9@email.com,0831429110,Medan,2024-12-14,Regular
CUST_0010,Customer 10,customer10@email.com,0830868105,Surabaya,2024-12-16,Premium
CUST_0011,Customer 11,customer11@email.com,0822448136,Medan,2025-04-18,Regular
CUST_0012,Customer 12,customer12@email.com,0856164955,Semarang,2025-01-22,Premium
CUST_0013,Customer 13,customer13@email.com,0871662963,Semarang,2025-04-04,Regular
CUST_0014,Customer 14,customer14@email.com,0820576383,Semarang,2025-01-07,Bronze
CUST_0015,Customer 15,customer15@email.com,0893016315,Bandung,2024-08-15,Premium
CUST_0016,Customer 16,customer16@email.com,0819335534,Jakarta,2024-07-03,Premium
CUST_0017,Customer 17,customer17@email.com,0848840994,Jakarta,2025-02-07,Premium
CUST_0018,Customer 18,customer18@email.com,0861019678,Bandung,2024-10-17,Bronze
CUST_0019,Customer 19,customer19@email.com,0858966946,Surabaya,2024-11-29,Regular
CUST_0020,Customer 20,customer20@email.com,0838119557,Bandung,2024-06-12,Bronze
CUST_0021,Customer 21,customer21@email.com,0896977837,Jakarta,2024-07-30,Bronze
CUST_0022,Customer 22,customer22@email.com,0832969840,Semarang,2025-02-01,Premium
CUST_0023,Customer 23,customer23@email.com,0872043515,Medan,2025-01-19,Bronze
CUST_0024,Customer 24,customer24@email.com,0884752529,Surabaya,2024-06-21,Regular
CUST_0025,Customer 25,customer25@email.com,0817507864,Surabaya,2025-05-21,Regular
CUST_0026,Customer 26,customer26@email.com,0863843426,Bandung,2025-05-04,Premium
CUST_0027,Customer 27,customer27@email.com,0886125617,Bandung,2025-02-18,Bronze
CUST_0028,Customer 28,customer28@email.com,0877005685,Medan,2024-07-12,Regular
CUST_0029,Customer 29,customer29@email.com,0829175900,Bandung,2025-03-27,Premium
CUST_0030,Customer 30,customer30@email.com,0885345555,Semarang,2025-01-23,Bronze
CUST_0031,Customer 31,customer31@email.com,0888461803,Medan,2024-08-12,Regular
CUST_0032,Customer 32,customer32@email.com,0858586340,Surabaya,2025-03-28,Bronze
CUST_0033,Customer 33,customer33@email.com,0876238574,Jakarta,2025-05-13,Premium
CUST_0034,Customer 34,customer34@email.com,0830514014,Surabaya,2024-06-23,Regular
CUST_0035,Customer 35,customer35@email.com,0890048665,Jakarta,2024-11-21,Regular
CUST_0036,Customer 36,customer36@email.com,0889978790,Medan,2024-09-09,Regular
CUST_0037,Customer 37,customer37@email.com,0884252722,Jakarta,2024-06-23,Bronze
CUST_0038,Customer 38,customer38@email.com,0825374874,Semarang,2025-01-21,Bronze
CUST_0039,Customer 39,customer39@email.com,0855657579,Jakarta,2025-01-07,Regular
CUST_0040,Customer 40,customer40@email.com,0831227574,Medan,2025-06-05,Bronze
CUST_0041,Customer 41,customer41@email.com,0845351479,Semarang,2025-03-07,Bronze
CUST_0042,Customer 42,customer42@email.com,0824282218,Bandung,2024-07-14,Bronze
CUST_0043,Customer 43,customer43@email.com,0891734598,Surabaya,2025-03-20,Regular
CUST_0044,Customer 44,customer44@email.com,0831682744,Semarang,2024-09-08,Premium
CUST_0045,Customer 45,customer45@email.com,0890388981,Bandung,2024-09-29,Premium
CUST_0046,Customer 46,customer46@email.com,0825014631,Bandung,2024-12-31,Premium
CUST_0047,Customer 47,customer47@email.com,0817774584,Surabaya,2024-08-20,Premium
CUST_0048,Customer 48,customer48@email.com,0821496211,Medan,2025-05-02,Bronze
CUST_0049,Customer 49,customer49@email.com,0826879290,Surabaya,2024-07-04,Regular
CUST_0050,Customer 50,customer50@email.com,0883793389,Surabaya,2025-01-22,Bronze
CUST_0051,Customer 51,customer51@email.com,0891415657,Medan,2025-02-18,Bronze
CUST_0052,Customer 52,customer52@email.com,0836998038,Bandung,2024-11-14,Bronze
CUST_0053,Customer 53,customer53@email.com,0897225156,Bandung,2024-10-25,Bronze
CUST_0054,Customer 54,customer54@email.com,0870597444,Jakarta,2025-01-31,Premium
CUST_0055,Customer 55,customer55@email.com,0818593410,Bandung,2025-05-27,Bronze
CUST_0056,Customer 56,customer56@email.com,0884346088,Surabaya,2024-08-09,Premium
CUST_0057,Customer 57,customer57@email.com,0810965138,Jakarta,2024-06-09,Bronze
CUST_0058,Customer 58,customer58@email.com,0817901903,Surabaya,2025-05-03,Premium
CUST_0059,Customer 59,customer59@email.com,0854349361,Jakarta,2024-09-16,Premium
CUST_0060,Customer 60,customer60@email.com,0847376585,Medan,2025-02-17,Bronze
CUST_0061,Customer 61,customer61@email.com,0827758595,Semarang,2024-08-15,Regular
CUST_0062,Customer 62,customer62@email.com,0842614537,Medan,2024-11-10,Premium
CUST_0063,Customer 63,customer63@email.com,0822660194,Jakarta,2024-07-04,Regular
CUST_0064,Customer 64,customer64@email.com,0857553014,Medan,2024-11-08,Regular
CUST_0065,Customer 65,customer65@email.com,0817270733,Jakarta,2025-05-06,Regular
CUST_0066,Customer 66,customer66@email.com,0855540424,Jakarta,2025-01-30,Premium
CUST_0067,Customer 67,customer67@email.com,0835529407,Semarang,2024-10-20,Premium
CUST_0068,Customer 68,customer68@email.com,0866623995,Surabaya,2025-01-15,Regular
CUST_0069,Customer 69,customer69@email.com,0843528453,Jakarta,2024-10-23,Bronze
CUST_0070,Customer 70,customer70@email.com,0823141087,Jakarta,2024-07-08,Bronze
CUST_0071,Customer 71,customer71@email.com,0811980765,Jakarta,2025-02-05,Premium
CUST_0072,Customer 72,customer72@email.com,0864547971,Medan,2024-10-03,Premium
CUST_0073,Customer 73,customer73@email.com,0863826716,Jakarta,2025-03-14,Regular
CUST_0074,Customer 74,customer74@email.com,0810289289,Medan,2025-01-22,Regular
CUST_0075,Customer 75,customer75@email.com,0848285503,Medan,2024-06-15,Bronze
CUST_0076,Customer 76,customer76@email.com,0884593961,Medan,2025-03-19,Premium
CUST_0077,Customer 77,customer77@email.com,0849823450,Surabaya,2025-05-08,Bronze
CUST_0078,Customer 78,customer78@email.com,0882772208,Jakarta,2024-12-28,Premium
CUST_0079,Customer 79,customer79@email.com,0816729990,Semarang,2024-10-05,Bronze
CUST_0080,Customer 80,customer80@email.com,0881286543,Surabaya,2025-05-08,Bronze
CUST_0081,Customer 81,customer81@email.com,0820752378,Surabaya,2025-05-02,Bronze
CUST_0082,Customer 82,customer82@email.com,0819121552,Surabaya,2024-11-12,Premium
CUST_0083,Customer 83,customer83@email.com,0886460539,Surabaya,2024-08-14,Bronze
CUST_0084,Customer 84,customer84@email.com,0815334035,Semarang,2025-04-26,Regular
CUST_0085,Customer 85,customer85@email.com,0898231132,Semarang,2024-08-21,Bronze
CUST_0086,Customer 86,customer86@email.com,0852462441,Bandung,2025-02-22,Bronze
CUST_0087,Customer 87,customer87@email.com,0852169044,Surabaya,2025-01-22,Regular
CUST_0088,Customer 88,customer88@email.com,0827566185,Bandung,2024-10-15,Regular
CUST_0089,Customer 89,customer89@email.com,0819736572,Jakarta,2024-10-15,Bronze
CUST_0090,Customer 90,customer90@email.com,0885563727,Jakarta,2025-04-30,Bronze
CUST_0091,Customer 91,customer91@email.com,0838609087,Semarang,2025-01-22,Premium
CUST_0092,Customer 92,customer92@email.com,0856843172,Jakarta,2025-02-01,Regular
CUST_0093,Customer 93,customer93@email.com,0848250360,Surabaya,2024-10-25,Bronze
CUST_0094,Customer 94,customer94@email.com,0850603163,Semarang,2024-07-07,Bronze
CUST_0095,Customer 95,customer95@email.com,0811049999,Semarang,2025-01-04,Bronze
CUST_0096,Customer 96,customer96@email.com,0823903144,Surabaya,2025-01-22,Premium
CUST_0097,Customer 97,customer97@email.com,0824366125,Semarang,2025-03-19,Regular
CUST_0098,Customer 98,customer98@email.com,0847816686,Semarang,2025-02-19,Bronze
CUST_0099,Customer 99,customer99@email.com,0856020613,Surabaya,2024-06-20,Bronze
CUST_0100,Customer 100,customer100@email.com,0845431319,Semarang,2024-09-29,Regular
CUST_0101,Customer 101,customer101@email.com,0816818112,Jakarta,2024-07-17,Regular
CUST_0102,Customer 102,customer102@email.com,0847135391,Jakarta,2025-06-05,Regular
CUST_0103,Customer 103,customer103@email.com,0827558317,Bandung,2025-03-16,Bronze
CUST_0104,Customer 104,customer104@email.com,0869302158,Semarang,2024-06-10,Regular
CUST_0105,Customer 105,customer105@email.com,0885283645,Jakarta,2025-04-10,Premium
CUST_0106,Customer 106,customer106@email.com,0830005727,Semarang,2025-05-19,Regular
CUST_0107,Customer 107,customer107@email.com,0888183110,Semarang,2025-03-23,Regular
CUST_0108,Customer 108,customer108@email.com,0827105448,Jakarta,2024-12-31,Regular
CUST_0109,Customer 109,customer109@email.com,0815354599,Bandung,2025-02-19,Bronze
CUST_0110,Customer 110,customer110@email.com,0843491314,Jakarta,2024-12-07,Bronze
CUST_0111,Customer 111,customer111@email.com,0864543049,Semarang,2025-03-19,Premium
CUST_0112,Customer 112,customer112@email.com,0831810617,Surabaya,2024-11-07,Premium
CUST_0113,Customer 113,customer113@email.com,0834073380,Bandung,2024-11-08,Bronze
CUST_0114,Customer 114,customer114@email.com,0843308443,Bandung,2025-03-17,Bronze
CUST_0115,Customer 115,customer115@email.com,0824508349,Medan,2025-05-18,Regular
CUST_0116,Customer 116,customer116@email.com,0839854548,Surabaya,2024-10-14,Regular
CUST_0117,Customer 117,customer117@email.com,0850962024,Surabaya,2025-02-12,Premium
CUST_0118,Customer 118,customer118@email.com,0898588154,Surabaya,2024-11-14,Regular
CUST_0119,Customer 119,customer119@email.com,0847393469,Jakarta,2025-01-15,Regular
CUST_0120,Customer 120,customer120@email.com,0896098221,Semarang,2024-11-14,Bronze
CUST_0121,Customer 121,customer121@email.com,0881969657,Bandung,2025-05-23,Premium
CUST_0122,Customer 122,customer122@email.com,0845059710,Surabaya,2024-08-13,Regular
CUST_0123,Customer 123,customer123@email.com,0815134794,Jakarta,2024-08-05,Regular
CUST_0124,Customer 124,customer124@email.com,0856397338,Bandung,2024-10-26,Bronze
CUST_0125,Customer 125,customer125@email.com,0878642041,Jakarta,2024-11-21,Bronze
CUST_0126,Customer 126,customer126@email.com,0835511941,Bandung,2025-05-15,Bronze
CUST_0127,Customer 127,customer127@email.com,0868526649,Jakarta,2024-09-13,Bronze
CUST_0128,Customer 128,customer128@email.com,0836445607,Bandung,2024-10-29,Premium
CUST_0129,Customer 129,customer129@email.com,0899152472,Bandung,2024-07-22,Regular
CUST_0130,Customer 130,customer130@email.com,0899038359,Jakarta,2025-01-04,Bronze
CUST_0131,Customer 131,customer131@email.com,0851511484,Medan,2024-12-21,Regular
CUST_0132,Customer 132,customer132@email.com,0849682169,Semarang,2025-04-02,Premium
CUST_0133,Customer 133,customer133@email.com,0866431351,Medan,2024-06-25,Bronze
CUST_0134,Customer 134,customer134@email.com,0833357554,Semarang,2024-08-19,Regular
CUST_0135,Customer 135,customer135@email.com,0864502486,Semarang,2025-06-06,Regular
CUST_0136,Customer 136,customer136@email.com,0848508907,Surabaya,2024-10-29,Bronze
CUST_0137,Customer 137,customer137@email.com,0891424737,Bandung,2024-10-11,Regular
CUST_0138,Customer 138,customer138@email.com,0869345683,Surabaya,2024-09-18,Regular
CUST_0139,Customer 139,customer139@email.com,0832775593,Jakarta,2025-01-12,Bronze
CUST_0140,Customer 140,customer140@email.com,0899100953,Semarang,2024-12-17,Premium
CUST_0141,Customer 141,customer141@email.com,0841523529,Bandung,2025-02-11,Premium
CUST_0142,Customer 142,customer142@email.com,0829777514,Jakarta,2025-05-14,Premium
CUST_0143,Customer 143,customer143@email.com,0873771720,Semarang,2025-04-30,Regular
CUST_0144,Customer 144,customer144@email.com,0865625330,Semarang,2025-02-27,Bronze
CUST_0145,Customer 145,customer145@email.com,0861536717,Medan,2024-11-14,Premium
CUST_0146,Customer 146,customer146@email.com,0829806690,Jakarta,2025-04-13,Regular
CUST_0147,Customer 147,customer147@email.com,0839372360,Surabaya,2024-06-15,Bronze
CUST_0148,Customer 148,customer148@email.com,0872350830,Jakarta,2024-08-25,Premium
CUST_0149,Customer 149,customer149@email.com,0826288475,Medan,2025-03-30,Regular
CUST_0150,Customer 150,customer150@email.com,0899600766,Semarang,2024-08-24,Bronze
CUST_0151,Customer 151,customer151@email.com,0852587010,Medan,2024-07-28,Bronze
CUST_0152,Customer 152,customer152@email.com,0877750178,Medan,2024-08-30,Regular
CUST_0153,Customer 153,customer153@email.com,0831361812,Medan,2024-10-19,Regular
CUST_0154,Customer 154,customer154@email.com,0843183955,Bandung,2024-09-13,Regular
CUST_0155,Customer 155,customer155@email.com,0894120751,Surabaya,2025-01-17,Regular
CUST_0156,Customer 156,customer156@email.com,0820399639,Bandung,2025-02-06,Regular
CUST_0157,Customer 157,customer157@email.com,0855076693,Bandung,2024-09-03,Premium
CUST_0158,Customer 158,customer158@email.com,0828572252,Surabaya,2025-02-08,Regular
CUST_0159,Customer 159,customer159@email.com,0830509175,Surabaya,2025-05-05,Regular
CUST_0160,Customer 160,customer160@email.com,0864707061,Bandung,2024-09-02,Regular
CUST_0161,Customer 161,customer161@email.com,0865804273,Jakarta,2025-02-21,Regular
CUST_0162,Customer 162,customer162@email.com,0862274692,Semarang,2024-06-15,Premium
CUST_0163,Customer 163,customer163@email.com,0887267850,Medan,2024-10-05,Premium
CUST_0164,Customer 164,customer164@email.com,0857212267,Bandung,2024-11-19,Regular
CUST_0165,Customer 165,customer165@email.com,0882238741,Semarang,2024-08-02,Premium
CUST_0166,Customer 166,customer166@email.com,0875529051,Surabaya,2025-01-18,Regular
CUST_0167,Customer 167,customer167@email.com,0875181765,Jakarta,2024-11-19,Regular
CUST_0168,Customer 168,customer168@email.com,0899774697,Medan,2025-03-14,Regular
CUST_0169,Customer 169,customer169@email.com,0827129912,Semarang,2024-09-06,Premium
CUST_0170,Customer 170,customer170@email.com,0862884503,Semarang,2024-08-22,Bronze
CUST_0171,Customer 171,customer171@email.com,0813637575,Jakarta,2024-07-12,Regular
CUST_0172,Customer 172,customer172@email.com,0828213276,Medan,2025-03-05,Premium
CUST_0173,Customer 173,customer173@email.com,0844917589,Medan,2024-12-21,Premium
CUST_0174,Customer 174,customer174@email.com,0871028710,Bandung,2024-12-16,Regular
CUST_0175,Customer 175,customer175@email.com,0847346970,Medan,2025-01-28,Premium
CUST_0176,Customer 176,customer176@email.com,0873123515,Jakarta,2024-09-03,Premium
CUST_0177,Customer 177,customer177@email.com,0856970882,Surabaya,2024-07-09,Premium
CUST_0178,Customer 178,customer178@email.com,0897477029,Jakarta,2025-05-22,Premium
CUST_0179,Customer 179,customer179@email.com,0836757737,Jakarta,2024-07-23,Premium
CUST_0180,Customer 180,customer180@email.com,0842016960,Surabaya,2024-10-07,Bronze
CUST_0181,Customer 181,customer181@email.com,0825353091,Semarang,2025-02-15,Regular
CUST_0182,Customer 182,customer182@email.com,0844392446,Bandung,2025-03-13,Bronze
CUST_0183,Customer 183,customer183@email.com,0891503378,Jakarta,2025-03-15,Regular
CUST_0184,Customer 184,customer184@email.com,0824508768,Semarang,2025-05-24,Regular
CUST_0185,Customer 185,customer185@email.com,0887282128,Medan,2024-11-15,Bronze
CUST_0186,Customer 186,customer186@email.com,0836619372,Jakarta,2024-08-07,Bronze
CUST_0187,Customer 187,customer187@email.com,0894187049,Surabaya,2025-04-15,Bronze
CUST_0188,Customer 188,customer188@email.com,0850477742,Semarang,2025-04-06,Bronze
CUST_0189,Customer 189,customer189@email.com,0815512205,Bandung,2024-09-07,Regular
CUST_0190,Customer 190,customer190@email.com,0898787891,Bandung,2025-05-02,Bronze
CUST_0191,Customer 191,customer191@email.com,0896911784,Bandung,2025-05-31,Regular
CUST_0192,Customer 192,customer192@email.com,0875793759,Jakarta,2024-10-28,Regular
CUST_0193,Customer 193,customer193@email.com,0895306788,Medan,2024-06-09,Premium
CUST_0194,Customer 194,customer194@email.com,0868450095,Surabaya,2024-09-12,Bronze
CUST_0195,Customer 195,customer195@email.com,0846249845,Semarang,2024-09-04,Regular
CUST_0196,Customer 196,customer196@email.com,0872394301,Medan,2024-08-07,Regular
CUST_0197,Customer 197,customer197@email.com,0853258988,Surabaya,2025-04-23,Regular
CUST_0198,Customer 198,customer198@email.com,0870505620,Surabaya,2024-10-12,Bronze
CUST_0199,Customer 199,customer199@email.com,0891917334,Medan,2024-12-16,Premium
CUST_0200,Customer 200,customer200@email.com,0876344695,Bandung,2025-03-05,Regular
CUST_0201,Customer 201,customer201@email.com,0838470244,Bandung,2025-01-25,Regular
CUST_0202,Customer 202,customer202@email.com,0847535126,Semarang,2024-06-12,Regular
CUST_0203,Customer 203,customer203@email.com,0884597009,Jakarta,2024-09-15,Premium
CUST_0204,Customer 204,customer204@email.com,0821490777,Surabaya,2024-11-10,Regular
CUST_0205,Customer 205,customer205@email.com,0884514489,Surabaya,2024-06-18,Regular
CUST_0206,Customer 206,customer206@email.com,0896691619,Medan,2024-10-20,Premium
CUST_0207,Customer 207,customer207@email.com,0822489409,Bandung,2025-02-13,Regular
CUST_0208,Customer 208,customer208@email.com,0842655866,Bandung,2024-07-02,Bronze
CUST_0209,Customer 209,customer209@email.com,0859529086,Medan,2024-08-27,Bronze
CUST_0210,Customer 210,customer210@email.com,0856138336,Medan,2024-08-29,Regular
CUST_0211,Customer 211,customer211@email.com,0857219209,Medan,2025-01-19,Regular
CUST_0212,Customer 212,customer212@email.com,0843742830,Surabaya,2025-04-06,Bronze
CUST_0213,Customer 213,customer213@email.com,0835848226,Bandung,2025-04-06,Bronze
CUST_0214,Customer 214,customer214@email.com,0881922443,Surabaya,2025-02-28,Premium
CUST_0215,Customer 215,customer215@email.com,0874988034,Bandung,2024-08-09,Bronze
CUST_0216,Customer 216,customer216@email.com,0890099897,Bandung,2025-04-16,Premium
CUST_0217,Customer 217,customer217@email.com,0849761527,Surabaya,2024-12-04,Premium
CUST_0218,Customer 218,customer218@email.com,0850569669,Jakarta,2024-06-09,Bronze
CUST_0219,Customer 219,customer219@email.com,0826989677,Bandung,2025-05-14,Premium
CUST_0220,Customer 220,customer220@email.com,0884270583,Bandung,2024-06-14,Premium
CUST_0221,Customer 221,customer221@email.com,0895613415,Medan,2025-04-15,Premium
CUST_0222,Customer 222,customer222@email.com,0887049595,Bandung,2024-10-09,Regular
CUST_0223,Customer 223,customer223@email.com,0869118721,Bandung,2025-03-04,Premium
CUST_0224,Customer 224,customer224@email.com,0843887075,Medan,2025-04-09,Premium
CUST_0225,Customer 225,customer225@email.com,0863782042,Medan,2025-04-30,Bronze
CUST_0226,Customer 226,customer226@email.com,0894482772,Jakarta,2025-03-21,Premium
CUST_0227,Customer 227,customer227@email.com,0885543051,Bandung,2025-04-24,Premium
CUST_0228,Customer 228,customer228@email.com,0825898299,Semarang,2024-11-05,Bronze
CUST_0229,Customer 229,customer229@email.com,0890010790,Semarang,2025-02-11,Bronze
CUST_0230,Customer 230,customer230@email.com,0861053474,Medan,2024-10-23,Regular
CUST_0231,Customer 231,customer231@email.com,0888990506,Medan,2025-01-01,Bronze
CUST_0232,Customer 232,customer232@email.com,0893352876,Jakarta,2024-07-29,Bronze
CUST_0233,Customer 233,customer233@email.com,0823318904,Surabaya,2024-07-21,Premium
CUST_0234,Customer 234,customer234@email.com,0845520201,Jakarta,2025-03-18,Premium
CUST_0235,Customer 235,customer235@email.com,0833328859,Semarang,2025-04-29,Premium
CUST_0236,Customer 236,customer236@email.com,0810359129,Medan,2024-10-19,Bronze
CUST_0237,Customer 237,customer237@email.com,0889699989,Medan,2025-01-08,Premium
CUST_0238,Customer 238,customer238@email.com,0841068214,Bandung,2024-06-10,Regular
CUST_0239,Customer 239,customer239@email.com,0870939053,Jakarta,2024-06-20,Premium
CUST_0240,Customer 240,customer240@email.com,0845507920,Semarang,2024-07-03,Premium
CUST_0241,Customer 241,customer241@email.com,0867061186,Jakarta,2024-09-01,Premium
CUST_0242,Customer 242,customer242@email.com,0896924061,Surabaya,2025-01-21,Premium
CUST_0243,Customer 243,customer243@email.com,0819584466,Jakarta,2025-03-14,Regular
CUST_0244,Customer 244,customer244@email.com,0889865458,Semarang,2025-01-10,Regular
CUST_0245,Customer 245,customer245@email.com,0826690465,Medan,2024-06-19,Regular
CUST_0246,Customer 246,customer246@email.com,0864023778,Bandung,2024-09-23,Bronze
CUST_0247,Customer 247,customer247@email.com,0876276072,Medan,2025-04-26,Bronze
CUST_0248,Customer 248,customer248@email.com,0815350023,Medan,2024-12-23,Bronze
CUST_0249,Customer 249,customer249@email.com,0843603811,Jakarta,2025-04-21,Premium
CUST_0250,Customer 250,customer250@email.com,0887201917,Semarang,2025-05-27,Bronze
CUST_0251,Customer 251,customer251@email.com,0846173157,Semarang,2025-05-17,Premium
CUST_0252,Customer 252,customer252@email.com,0873149551,Semarang,2024-07-08,Regular
CUST_0253,Customer 253,customer253@email.com,0847333543,Surabaya,2024-08-11,Regular
CUST_0254,Customer 254,customer254@email.com,0895199362,Medan,2025-04-21,Regular
CUST_0255,Customer 255,customer255@email.com,0856702542,Medan,2024-12-18,Regular
CUST_0256,Customer 256,customer256@email.com,0899943797,Jakarta,2025-03-16,Regular
CUST_0257,Customer 257,customer257@email.com,0865250068,Medan,2025-01-10,Bronze
CUST_0258,Customer 258,customer258@email.com,0863747791,Semarang,2025-05-19,Regular
CUST_0259,Customer 259,customer259@email.com,0821819185,Bandung,2025-01-28,Regular
CUST_0260,Customer 260,customer260@email.com,0825558733,Medan,2024-09-16,Premium
CUST_0261,Customer 261,customer261@email.com,0898269682,Semarang,2024-10-13,Regular
CUST_0262,Customer 262,customer262@email.com,0817275149,Surabaya,2024-09-14,Regular
CUST_0263,Customer 263,customer263@email.com,0893568503,Medan,2024-07-21,Regular
CUST_0264,Customer 264,customer264@email.com,0816927215,Surabaya,2025-01-21,Bronze
CUST_0265,Customer 265,customer265@email.com,0827584297,Bandung,2024-10-25,Bronze
CUST_0266,Customer 266,customer266@email.com,0875056916,Jakarta,2025-05-23,Bronze
CUST_0267,Customer 267,customer267@email.com,0891721371,Surabaya,2024-06-08,Premium
CUST_0268,Customer 268,customer268@email.com,0851708177,Semarang,2025-05-30,Bronze
CUST_0269,Customer 269,customer269@email.com,0864759583,Jakarta,2025-02-11,Premium
CUST_0270,Customer 270,customer270@email.com,0871934487,Jakarta,2024-07-10,Premium
CUST_0271,Customer 271,customer271@email.com,0876890827,Bandung,2024-09-19,Bronze
CUST_0272,Customer 272,customer272@email.com,0846698468,Medan,2024-10-02,Regular
CUST_0273,Customer 273,customer273@email.com,0842713008,Medan,2024-08-28,Premium
CUST_0274,Customer 274,customer274@email.com,0861484043,Surabaya,2024-08-04,Bronze
CUST_0275,Customer 275,customer275@email.com,0828321839,Jakarta,2025-01-16,Regular
CUST_0276,Customer 276,customer276@email.com,0855617282,Semarang,2025-01-21,Premium
CUST_0277,Customer 277,customer277@email.com,0847962005,Bandung,2024-08-10,Bronze
CUST_0278,Customer 278,customer278@email.com,0898575748,Medan,2025-03-22,Regular
CUST_0279,Customer 279,customer279@email.com,0882287061,Medan,2024-12-12,Regular
CUST_0280,Customer 280,customer280@email.com,0884077101,Semarang,2024-11-25,Regular
CUST_0281,Customer 281,customer281@email.com,0853188224,Surabaya,2024-06-14,Premium
CUST_0282,Customer 282,customer282@email.com,0886745380,Medan,2025-02-07,Regular
CUST_0283,Customer 283,customer283@email.com,0815858241,Bandung,2024-10-07,Bronze
CUST_0284,Customer 284,customer284@email.com,0861167978,Medan,2024-07-02,Bronze
CUST_0285,Customer 285,customer285@email.com,0830415230,Medan,2025-05-19,Premium
CUST_0286,Customer 286,customer286@email.com,0877416376,Semarang,2024-12-19,Premium
CUST_0287,Customer 287,customer287@email.com,0869096899,Jakarta,2024-09-10,Regular
CUST_0288,Customer 288,customer288@email.com,0812059919,Surabaya,2024-11-09,Bronze
CUST_0289,Customer 289,customer289@email.com,0830718012,Jakarta,2024-10-09,Regular
CUST_0290,Customer 290,customer290@email.com,0855440919,Semarang,2024-06-17,Regular
CUST_0291,Customer 291,customer291@email.com,0897219599,Jakarta,2024-12-20,Bronze
CUST_0292,Customer 292,customer292@email.com,0881621574,Medan,2024-12-26,Bronze
CUST_0293,Customer 293,customer293@email.com,0875491202,Semarang,2025-05-19,Bronze
CUST_0294,Customer 294,customer294@email.com,0819183277,Surabaya,2024-07-18,Bronze
CUST_0295,Customer 295,customer295@email.com,0848571356,Surabaya,2025-04-21,Regular
CUST_0296,Customer 296,customer296@email.com,0823212812,Jakarta,2024-10-22,Premium
CUST_0297,Customer 297,customer297@email.com,0850193656,Jakarta,2025-05-14,Regular
CUST_0298,Customer 298,customer298@email.com,0817532195,Bandung,2024-12-05,Regular
CUST_0299,Customer 299,customer299@email.com,0867805802,Surabaya,2025-02-01,Bronze
CUST_0300,Customer 300,customer300@email.com,0865304649,Semarang,2024-06-22,Premium
CUST_0301,Customer 301,customer301@email.com,0832814819,Surabaya,2025-04-27,Bronze
CUST_0302,Customer 302,customer302@email.com,0861344226,Semarang,2024-06-22,Premium
CUST_0303,Customer 303,customer303@email.com,0876795767,Semarang,2025-03-25,Premium
CUST_0304,Customer 304,customer304@email.com,0871894493,Bandung,2024-10-14,Regular
CUST_0305,Customer 305,customer305@email.com,0899501846,Jakarta,2024-10-11,Regular
CUST_0306,Customer 306,customer306@email.com,0883363160,Surabaya,2025-04-30,Regular
CUST_0307,Customer 307,customer307@email.com,0856381032,Semarang,2025-01-04,Bronze
CUST_0308,Customer 308,customer308@email.com,0866949781,Bandung,2024-10-16,Regular
CUST_0309,Customer 309,customer309@email.com,0836738452,Medan,2024-10-02,Premium
CUST_0310,Customer 310,customer310@email.com,0841837210,Medan,2024-08-18,Regular
CUST_0311,Customer 311,customer311@email.com,0887149951,Bandung,2024-06-13,Regular
CUST_0312,Customer 312,customer312@email.com,0812944682,Medan,2025-01-17,Premium
CUST_0313,Customer 313,customer313@email.com,0885957706,Jakarta,2024-07-31,Bronze
CUST_0314,Customer 314,customer314@email.com,0876669607,Bandung,2025-02-09,Bronze
CUST_0315,Customer 315,customer315@email.com,0857287718,Surabaya,2024-07-16,Premium
CUST_0316,Customer 316,customer316@email.com,0893334601,Bandung,2024-06-24,Bronze
CUST_0317,Customer 317,customer317@email.com,0898473848,Surabaya,2024-07-20,Premium
CUST_0318,Customer 318,customer318@email.com,0894216001,Jakarta,2024-12-30,Regular
CUST_0319,Customer 319,customer319@email.com,0814478111,Semarang,2024-12-02,Bronze
CUST_0320,Customer 320,customer320@email.com,0827637794,Jakarta,2025-01-06,Regular
CUST_0321,Customer 321,customer321@email.com,0865767881,Surabaya,2025-02-24,Premium
CUST_0322,Customer 322,customer322@email.com,0882398083,Bandung,2024-09-08,Bronze
CUST_0323,Customer 323,customer323@email.com,0846578001,Surabaya,2025-01-26,Regular
CUST_0324,Customer 324,customer324@email.com,0849613214,Bandung,2025-04-09,Regular
CUST_0325,Customer 325,customer325@email.com,0820106509,Surabaya,2025-02-11,Bronze
CUST_0326,Customer 326,customer326@email.com,0863339667,Semarang,2024-12-01,Premium
CUST_0327,Customer 327,customer327@email.com,0862958901,Jakarta,2025-01-22,Bronze
CUST_0328,Customer 328,customer328@email.com,0826587799,Medan,2024-11-30,Bronze
CUST_0329,Customer 329,customer329@email.com,0845186708,Semarang,2024-11-23,Bronze
CUST_0330,Customer 330,customer330@email.com,0859858348,Jakarta,2024-06-26,Premium
CUST_0331,Customer 331,customer331@email.com,0873280554,Jakarta,2024-07-24,Bronze
CUST_0332,Customer 332,customer332@email.com,0854024257,Semarang,2025-02-13,Bronze
CUST_0333,Customer 333,customer333@email.com,0818484847,Medan,2024-06-13,Regular
CUST_0334,Customer 334,customer334@email.com,0897139443,Medan,2025-04-08,Premium
CUST_0335,Customer 335,customer335@email.com,0816086345,Jakarta,2025-01-02,Regular
CUST_0336,Customer 336,customer336@email.com,0825585427,Jakarta,2025-02-06,Bronze
CUST_0337,Customer 337,customer337@email.com,0828208520,Medan,2024-10-17,Regular
CUST_0338,Customer 338,customer338@email.com,0899991136,Semarang,2024-11-04,Bronze
CUST_0339,Customer 339,customer339@email.com,0830739712,Medan,2024-07-06,Premium
CUST_0340,Customer 340,customer340@email.com,0875679047,Semarang,2024-11-10,Regular
CUST_0341,Customer 341,customer341@email.com,0814391105,Bandung,2025-02-15,Regular
CUST_0342,Customer 342,customer342@email.com,0869686067,Surabaya,2024-12-03,Premium
CUST_0343,Customer 343,customer343@email.com,0859302863,Semarang,2024-07-11,Regular
CUST_0344,Customer 344,customer344@email.com,0818126895,Medan,2025-01-16,Premium
CUST_0345,Customer 345,customer345@email.com,0826395999,Medan,2025-04-21,Bronze
CUST_0346,Customer 346,customer346@email.com,0838468360,Semarang,2025-05-27,Premium
CUST_0347,Customer 347,customer347@email.com,0854762841,Surabaya,2025-04-03,Bronze
CUST_0348,Customer 348,customer348@email.com,0837542226,Jakarta,2024-08-27,Premium
CUST_0349,Customer 349,customer349@email.com,0888703005,Surabaya,2025-02-07,Regular
CUST_0350,Customer 350,customer350@email.com,0829804386,Semarang,2025-06-05,Regular
CUST_0351,Customer 351,customer351@email.com,0829419691,Surabaya,2024-09-03,Regular
CUST_0352,Customer 352,customer352@email.com,0833420607,Jakarta,2024-07-03,Premium
CUST_0353,Customer 353,customer353@email.com,0827690330,Jakarta,2024-12-05,Premium
CUST_0354,Customer 354,customer354@email.com,0889034501,Bandung,2025-05-29,Premium
CUST_0355,Customer 355,customer355@email.com,0845617024,Jakarta,2025-04-03,Bronze
CUST_0356,Customer 356,customer356@email.com,0866500369,Semarang,2025-04-09,Bronze
CUST_0357,Customer 357,customer357@email.com,0818530615,Medan,2024-10-20,Regular
CUST_0358,Customer 358,customer358@email.com,0878885632,Semarang,2025-04-12,Regular
CUST_0359,Customer 359,customer359@email.com,0877624084,Surabaya,2024-07-27,Premium
CUST_0360,Customer 360,customer360@email.com,0898436473,Semarang,2025-01-03,Regular
CUST_0361,Customer 361,customer361@email.com,0896347724,Jakarta,2025-05-06,Regular
CUST_0362,Customer 362,customer362@email.com,0863904155,Medan,2024-06-20,Premium
CUST_0363,Customer 363,customer363@email.com,0875802771,Medan,2025-04-30,Premium
CUST_0364,Customer 364,customer364@email.com,0853233116,Semarang,2025-03-23,Premium
CUST_0365,Customer 365,customer365@email.com,0826937148,Bandung,2024-07-22,Bronze
CUST_0366,Customer 366,customer366@email.com,0888566318,Semarang,2024-06-07,Regular
CUST_0367,Customer 367,customer367@email.com,0861124122,Semarang,2024-09-08,Regular
CUST_0368,Customer 368,customer368@email.com,0870896652,Semarang,2024-08-01,Regular
CUST_0369,Customer 369,customer369@email.com,0823311507,Jakarta,2024-07-06,Bronze
CUST_0370,Customer 370,customer370@email.com,0883998961,Surabaya,2024-10-29,Regular
CUST_0371,Customer 371,customer371@email.com,0840667888,Medan,2024-12-15,Regular
CUST_0372,Customer 372,customer372@email.com,0863516659,Medan,2025-04-19,Regular
CUST_0373,Customer 373,customer373@email.com,0867279295,Bandung,2024-07-01,Regular
CUST_0374,Customer 374,customer374@email.com,0860237832,Surabaya,2024-06-20,Regular
CUST_0375,Customer 375,customer375@email.com,0819010480,Jakarta,2025-04-24,Premium
CUST_0376,Customer 376,customer376@email.com,0867965485,Jakarta,2024-11-28,Premium
CUST_0377,Customer 377,customer377@email.com,0884674816,Jakarta,2024-08-10,Bronze
CUST_0378,Customer 378,customer378@email.com,0885387867,Bandung,2024-06-28,Premium
CUST_0379,Customer 379,customer379@email.com,0865137801,Bandung,2024-07-01,Regular
CUST_0380,Customer 380,customer380@email.com,0816904975,Bandung,2024-08-03,Regular
CUST_0381,Customer 381,customer381@email.com,0857197152,Jakarta,2024-08-15,Bronze
CUST_0382,Customer 382,customer382@email.com,0838553319,Surabaya,2024-07-05,Regular
CUST_0383,Customer 383,customer383@email.com,0840097636,Jakarta,2024-12-09,Bronze
CUST_0384,Customer 384,customer384@email.com,0859333209,Jakarta,2025-01-15,Bronze
CUST_0385,Customer 385,customer385@email.com,0840354559,Medan,2024-08-23,Bronze
CUST_0386,Customer 386,customer386@email.com,0892352411,Semarang,2025-05-24,Bronze
CUST_0387,Customer 387,customer387@email.com,0898292612,Bandung,2025-05-23,Premium
CUST_0388,Customer 388,customer388@email.com,0846677730,Bandung,2024-12-15,Regular
CUST_0389,Customer 389,customer389@email.com,0810819505,Surabaya,2025-03-25,Bronze
CUST_0390,Customer 390,customer390@email.com,0898227303,Medan,2025-05-02,Premium
CUST_0391,Customer 391,customer391@email.com,0894982908,Jakarta,2025-04-21,Bronze
CUST_0392,Customer 392,customer392@email.com,0881200181,Surabaya,2024-11-26,Regular
CUST_0393,Customer 393,customer393@email.com,0870887307,Bandung,2025-03-18,Regular
CUST_0394,Customer 394,customer394@email.com,0851827259,Bandung,2024-08-20,Bronze
CUST_0395,Customer 395,customer395@email.com,0821402740,Jakarta,2025-03-19,Premium
CUST_0396,Customer 396,customer396@email.com,0892924837,Jakarta,2024-06-26,Premium
CUST_0397,Customer 397,customer397@email.com,0846521025,Medan,2024-07-03,Regular
CUST_0398,Customer 398,customer398@email.com,0875184410,Semarang,2024-10-23,Regular
CUST_0399,Customer 399,customer399@email.com,0846663833,Surabaya,2024-09-17,Premium
CUST_0400,Customer 400,customer400@email.com,0856328316,Medan,2025-04-11,Regular
CUST_0401,Customer 401,customer401@email.com,0889609131,Medan,2024-09-10,Bronze
CUST_0402,Customer 402,customer402@email.com,0851395350,Jakarta,2025-02-14,Regular
CUST_0403,Customer 403,customer403@email.com,0890440034,Jakarta,2025-06-03,Premium
CUST_0404,Customer 404,customer404@email.com,0850455821,Surabaya,2025-03-28,Regular
CUST_0405,Customer 405,customer405@email.com,0848848936,Bandung,2025-04-06,Premium
CUST_0406,Customer 406,customer406@email.com,0876757928,Medan,2025-03-09,Premium
CUST_0407,Customer 407,customer407@email.com,0861030579,Semarang,2024-06-11,Premium
CUST_0408,Customer 408,customer408@email.com,0877144075,Semarang,2024-06-29,Regular
CUST_0409,Customer 409,customer409@email.com,0819673809,Medan,2025-05-16,Regular
CUST_0410,Customer 410,customer410@email.com,0812515446,Medan,2025-04-28,Regular
CUST_0411,Customer 411,customer411@email.com,0887277086,Medan,2024-08-17,Regular
CUST_0412,Customer 412,customer412@email.com,0895918360,Medan,2025-01-09,Premium
CUST_0413,Customer 413,customer413@email.com,0864362516,Jakarta,2024-12-22,Premium
CUST_0414,Customer 414,customer414@email.com,0892963368,Medan,2024-06-18,Regular
CUST_0415,Customer 415,customer415@email.com,0821828592,Medan,2025-04-13,Premium
CUST_0416,Customer 416,customer416@email.com,0868475513,Semarang,2024-11-13,Bronze
CUST_0417,Customer 417,customer417@email.com,0820555833,Medan,2024-12-30,Bronze
CUST_0418,Customer 418,customer418@email.com,0855568701,Surabaya,2024-12-18,Premium
CUST_0419,Customer 419,customer419@email.com,0820251466,Semarang,2024-07-17,Premium
CUST_0420,Customer 420,customer420@email.com,0881216573,Semarang,2025-02-27,Regular
CUST_0421,Customer 421,customer421@email.com,0857123808,Surabaya,2025-02-06,Premium
CUST_0422,Customer 422,customer422@email.com,0829655410,Bandung,2025-02-25,Premium
CUST_0423,Customer 423,customer423@email.com,0890852623,Surabaya,2024-07-06,Premium
CUST_0424,Customer 424,customer424@email.com,0833776150,Medan,2024-10-12,Bronze
CUST_0425,Customer 425,customer425@email.com,0887774890,Medan,2024-06-23,Bronze
CUST_0426,Customer 426,customer426@email.com,0896300902,Semarang,2024-12-23,Bronze
CUST_0427,Customer 427,customer427@email.com,0852431444,Surabaya,2024-10-24,Premium
CUST_0428,Customer 428,customer428@email.com,0872937522,Medan,2024-07-18,Regular
CUST_0429,Customer 429,customer429@email.com,0846866075,Semarang,2025-05-09,Regular
CUST_0430,Customer 430,customer430@email.com,0878093604,Jakarta,2024-12-30,Regular
CUST_0431,Customer 431,customer431@email.com,0870654852,Jakarta,2025-05-08,Regular
CUST_0432,Customer 432,customer432@email.com,0848530827,Jakarta,2024-07-11,Premium
CUST_0433,Customer 433,customer433@email.com,0892545028,Semarang,2024-09-20,Regular
CUST_0434,Customer 434,customer434@email.com,0872104107,Semarang,2024-08-27,Bronze
CUST_0435,Customer 435,customer435@email.com,0815505975,Medan,2024-08-18,Bronze
CUST_0436,Customer 436,customer436@email.com,0835265073,Bandung,2024-08-01,Regular
CUST_0437,Customer 437,customer437@email.com,0877292380,Surabaya,2025-05-06,Regular
CUST_0438,Customer 438,customer438@email.com,0823891786,Bandung,2025-04-24,Bronze
CUST_0439,Customer 439,customer439@email.com,0896721710,Surabaya,2025-05-17,Premium
CUST_0440,Customer 440,customer440@email.com,0868754920,Medan,2024-09-11,Bronze
CUST_0441,Customer 441,customer441@email.com,0891846696,Surabaya,2024-12-02,Regular
CUST_0442,Customer 442,customer442@email.com,0847969333,Medan,2024-11-09,Regular
CUST_0443,Customer 443,customer443@email.com,0890246882,Jakarta,2024-07-18,Bronze
CUST_0444,Customer 444,customer444@email.com,0854915875,Jakarta,2024-12-20,Premium
CUST_0445,Customer 445,customer445@email.com,0884888554,Medan,2025-01-12,Regular
CUST_0446,Customer 446,customer446@email.com,0898122539,Semarang,2025-03-22,Regular
CUST_0447,Customer 447,customer447@email.com,0820939011,Semarang,2024-07-02,Premium
CUST_0448,Customer 448,customer448@email.com,0856952151,Bandung,2024-07-06,Bronze
CUST_0449,Customer 449,customer449@email.com,0898870276,Medan,2025-04-01,Bronze
CUST_0450,Customer 450,customer450@email.com,0821370793,Bandung,2024-08-24,Regular
CUST_0451,Customer 451,customer451@email.com,0896368203,Bandung,2025-04-02,Bronze
CUST_0452,Customer 452,customer452@email.com,0880651318,Jakarta,2024-07-11,Bronze
CUST_0453,Customer 453,customer453@email.com,0866828640,Semarang,2024-12-03,Premium
CUST_0454,Customer 454,customer454@email.com,0858667035,Bandung,2025-03-06,Premium
CUST_0455,Customer 455,customer455@email.com,0855866538,Medan,2025-02-28,Premium
CUST_0456,Customer 456,customer456@email.com,0828463709,Surabaya,2025-04-28,Regular
CUST_0457,Customer 457,customer457@email.com,0823574883,Semarang,2024-09-03,Bronze
CUST_0458,Customer 458,customer458@email.com,0880669879,Jakarta,2024-07-03,Regular
CUST_0459,Customer 459,customer459@email.com,0892950779,Surabaya,2024-08-05,Regular
CUST_0460,Customer 460,customer460@email.com,0830703455,Surabaya,2025-03-06,Bronze
CUST_0461,Customer 461,customer461@email.com,0893851247,Surabaya,2024-10-25,Premium
CUST_0462,Customer 462,customer462@email.com,0865144509,Bandung,2024-06-25,Bronze
CUST_0463,Customer 463,customer463@email.com,0841880763,Medan,2024-07-29,Regular
CUST_0464,Customer 464,customer464@email.com,0870254091,Surabaya,2024-09-06,Premium
CUST_0465,Customer 465,customer465@email.com,0851536077,Medan,2025-02-27,Regular
CUST_0466,Customer 466,customer466@email.com,0886560394,Medan,2024-10-13,Regular
CUST_0467,Customer 467,customer467@email.com,0861254050,Semarang,2024-09-09,Regular
CUST_0468,Customer 468,customer468@email.com,0831751079,Surabaya,2024-08-01,Premium
CUST_0469,Customer 469,customer469@email.com,0843554863,Jakarta,2024-07-13,Regular
CUST_0470,Customer 470,customer470@email.com,0859823245,Semarang,2025-04-15,Bronze
CUST_0471,Customer 471,customer471@email.com,0879244185,Jakarta,2025-01-12,Premium
CUST_0472,Customer 472,customer472@email.com,0831516757,Bandung,2024-10-19,Bronze
CUST_0473,Customer 473,customer473@email.com,0829776801,Medan,2025-04-21,Premium
CUST_0474,Customer 474,customer474@email.com,0870549373,Bandung,2025-05-24,Regular
CUST_0475,Customer 475,customer475@email.com,0817148018,Medan,2024-09-22,Regular
CUST_0476,Customer 476,customer476@email.com,0841645597,Medan,2025-04-26,Regular
CUST_0477,Customer 477,customer477@email.com,0840137082,Jakarta,2024-12-25,Premium
CUST_0478,Customer 478,customer478@email.com,0897236246,Bandung,2025-03-24,Premium
CUST_0479,Customer 479,customer479@email.com,0815140967,Bandung,2024-10-08,Bronze
CUST_0480,Customer 480,customer480@email.com,0828628439,Medan,2024-10-20,Bronze
CUST_0481,Customer 481,customer481@email.com,0810704803,Jakarta,2025-05-28,Regular
CUST_0482,Customer 482,customer482@email.com,0838944689,Surabaya,2024-08-30,Bronze
CUST_0483,Customer 483,customer483@email.com,0891722503,Semarang,2024-11-02,Premium
CUST_0484,Customer 484,customer484@email.com,0848668339,Surabaya,2025-01-03,Premium
CUST_0485,Customer 485,customer485@email.com,0816408822,Surabaya,2024-11-04,Bronze
CUST_0486,Customer 486,customer486@email.com,0893592219,Medan,2025-05-05,Premium
CUST_0487,Customer 487,customer487@email.com,0877085942,Semarang,2024-09-05,Premium
CUST_0488,Customer 488,customer488@email.com,0894819556,Semarang,2024-08-16,Premium
CUST_0489,Customer 489,customer489@email.com,0829270557,Bandung,2024-10-30,Premium
CUST_0490,Customer 490,customer490@email.com,0892518345,Bandung,2025-02-03,Bronze
CUST_0491,Customer 491,customer491@email.com,0865910756,Surabaya,2024-07-01,Bronze
CUST_0492,Customer 492,customer492@email.com,0821490910,Semarang,2024-12-04,Premium
CUST_0493,Customer 493,customer493@email.com,0880606503,Semarang,2024-09-20,Bronze
CUST_0494,Customer 494,customer494@email.com,0884377016,Jakarta,2024-11-19,Regular
CUST_0495,Customer 495,customer495@email.com,0815843091,Medan,2024-11-27,Regular
CUST_0496,Customer 496,customer496@email.com,0812179995,Bandung,2025-05-03,Regular
CUST_0497,Customer 497,customer497@email.com,0842363373,Jakarta,2024-08-13,Bronze
CUST_0498,Customer 498,customer498@email.com,0854629892,Surabaya,2025-05-15,Regular
CUST_0499,Customer 499,customer499@email.com,0883284724,Bandung,2024-07-12,Premium
CUST_0500,Customer 500,customer500@email.com,0872360629,Medan,2024-07-18,Premium
CUST_0501,Customer 501,customer501@email.com,0828099607,Jakarta,2024-10-15,Premium
CUST_0502,Customer 502,customer502@email.com,0849385195,Surabaya,2025-05-15,Premium
CUST_0503,Customer 503,customer503@email.com,0815624520,Bandung,2024-12-30,Bronze
CUST_0504,Customer 504,customer504@email.com,0863448727,Semarang,2024-10-07,Regular
CUST_0505,Customer 505,customer505@email.com,0814915156,Surabaya,2025-01-11,Regular
CUST_0506,Customer 506,customer506@email.com,0816416148,Bandung,2025-01-18,Premium
CUST_0507,Customer 507,customer507@email.com,0859394697,Medan,2024-11-14,Bronze
CUST_0508,Customer 508,customer508@email.com,0869020451,Medan,2024-12-15,Premium
CUST_0509,Customer 509,customer509@email.com,0876599269,Medan,2024-11-30,Bronze
CUST_0510,Customer 510,customer510@email.com,0845798645,Jakarta,2024-11-01,Premium
CUST_0511,Customer 511,customer511@email.com,0867795113,Semarang,2025-03-06,Bronze
CUST_0512,Customer 512,customer512@email.com,0849428661,Bandung,2025-04-15,Premium
CUST_0513,Customer 513,customer513@email.com,0854012664,Bandung,2025-01-01,Regular
CUST_0514,Customer 514,customer514@email.com,0890882505,Medan,2025-03-13,Bronze
CUST_0515,Customer 515,customer515@email.com,0869580374,Bandung,2024-10-21,Premium
CUST_0516,Customer 516,customer516@email.com,0857319709,Semarang,2024-10-27,Regular
CUST_0517,Customer 517,customer517@email.com,0895828117,Jakarta,2025-04-29,Bronze
CUST_0518,Customer 518,customer518@email.com,0895565484,Medan,2024-12-02,Bronze
CUST_0519,Customer 519,customer519@email.com,0831473054,Jakarta,2025-03-25,Bronze
CUST_0520,Customer 520,customer520@email.com,0868810561,Jakarta,2025-04-03,Premium
CUST_0521,Customer 521,customer521@email.com,0841674763,Bandung,2024-12-03,Regular
CUST_0522,Customer 522,customer522@email.com,0886134287,Jakarta,2024-08-01,Premium
CUST_0523,Customer 523,customer523@email.com,0870387584,Bandung,2024-11-28,Regular
CUST_0524,Customer 524,customer524@email.com,0820319387,Semarang,2025-03-28,Bronze
CUST_0525,Customer 525,customer525@email.com,0859251188,Medan,2024-12-28,Bronze
CUST_0526,Customer 526,customer526@email.com,0847405107,Surabaya,2025-04-09,Premium
CUST_0527,Customer 527,customer527@email.com,0834970946,Medan,2024-09-14,Regular
CUST_0528,Customer 528,customer528@email.com,0885386435,Jakarta,2025-01-23,Regular
CUST_0529,Customer 529,customer529@email.com,0869897763,Surabaya,2024-07-28,Regular
CUST_0530,Customer 530,customer530@email.com,0875927774,Surabaya,2025-04-05,Premium
CUST_0531,Customer 531,customer531@email.com,0819939096,Medan,2025-03-10,Bronze
CUST_0532,Customer 532,customer532@email.com,0869741812,Jakarta,2024-06-22,Regular
CUST_0533,Customer 533,customer533@email.com,0899635939,Bandung,2024-06-08,Premium
CUST_0534,Customer 534,customer534@email.com,0883819367,Semarang,2025-01-09,Regular
CUST_0535,Customer 535,customer535@email.com,0831139996,Surabaya,2024-12-03,Bronze
CUST_0536,Customer 536,customer536@email.com,0840097200,Jakarta,2025-02-24,Premium
CUST_0537,Customer 537,customer537@email.com,0841774192,Medan,2025-05-24,Regular
CUST_0538,Customer 538,customer538@email.com,0884359498,Semarang,2024-11-30,Regular
CUST_0539,Customer 539,customer539@email.com,0884040798,Surabaya,2024-07-28,Premium
CUST_0540,Customer 540,customer540@email.com,0818824561,Bandung,2024-11-15,Bronze
CUST_0541,Customer 541,customer541@email.com,0874245343,Semarang,2024-11-08,Regular
CUST_0542,Customer 542,customer542@email.com,0887161840,Jakarta,2025-04-03,Regular
CUST_0543,Customer 543,customer543@email.com,0896213226,Jakarta,2024-10-19,Regular
CUST_0544,Customer 544,customer544@email.com,0879438885,Bandung,2025-04-02,Bronze
CUST_0545,Customer 545,customer545@email.com,0895871687,Semarang,2025-03-05,Premium
CUST_0546,Customer 546,customer546@email.com,0868065043,Semarang,2025-05-09,Premium
CUST_0547,Customer 547,customer547@email.com,0879538491,Surabaya,2025-01-02,Premium
CUST_0548,Customer 548,customer548@email.com,0831738837,Bandung,2024-06-08,Premium
CUST_0549,Customer 549,customer549@email.com,0856442431,Semarang,2025-01-12,Premium
CUST_0550,Customer 550,customer550@email.com,0843635675,Surabaya,2024-07-16,Bronze
CUST_0551,Customer 551,customer551@email.com,0846836194,Surabaya,2024-07-21,Regular
CUST_0552,Customer 552,customer552@email.com,0892467167,Semarang,2025-04-20,Bronze
CUST_0553,Customer 553,customer553@email.com,0896031876,Surabaya,2024-08-07,Bronze
CUST_0554,Customer 554,customer554@email.com,0830695604,Surabaya,2024-07-04,Bronze
CUST_0555,Customer 555,customer555@email.com,0891220369,Bandung,2024-08-22,Premium
CUST_0556,Customer 556,customer556@email.com,0813808225,Jakarta,2025-05-14,Bronze
CUST_0557,Customer 557,customer557@email.com,0887412924,Bandung,2024-07-08,Premium
CUST_0558,Customer 558,customer558@email.com,0886790955,Medan,2024-07-25,Bronze
CUST_0559,Customer 559,customer559@email.com,0814064904,Medan,2024-07-20,Bronze
CUST_0560,Customer 560,customer560@email.com,0848879071,Bandung,2024-10-02,Premium
CUST_0561,Customer 561,customer561@email.com,0864504816,Bandung,2024-10-17,Premium
CUST_0562,Customer 562,customer562@email.com,0818041391,Surabaya,2024-10-24,Regular
CUST_0563,Customer 563,customer563@email.com,0874995086,Medan,2025-02-22,Regular
CUST_0564,Customer 564,customer564@email.com,0891424562,Surabaya,2024-12-28,Bronze
CUST_0565,Customer 565,customer565@email.com,0852857920,Bandung,2024-11-14,Premium
CUST_0566,Customer 566,customer566@email.com,0859733063,Semarang,2024-08-23,Premium
CUST_0567,Customer 567,customer567@email.com,0852831009,Surabaya,2024-10-11,Premium
CUST_0568,Customer 568,customer568@email.com,0845899440,Medan,2025-01-31,Premium
CUST_0569,Customer 569,customer569@email.com,0822993840,Jakarta,2025-01-09,Regular
CUST_0570,Customer 570,customer570@email.com,0892594562,Medan,2025-01-30,Premium
CUST_0571,Customer 571,customer571@email.com,0853947691,Semarang,2024-12-28,Premium
CUST_0572,Customer 572,customer572@email.com,0831386576,Medan,2024-09-16,Regular
CUST_0573,Customer 573,customer573@email.com,0876942394,Bandung,2024-09-25,Premium
CUST_0574,Customer 574,customer574@email.com,0822086184,Medan,2024-09-21,Regular
CUST_0575,Customer 575,customer575@email.com,0842310051,Surabaya,2024-08-12,Regular
CUST_0576,Customer 576,customer576@email.com,0816530784,Jakarta,2025-01-13,Regular
CUST_0577,Customer 577,customer577@email.com,0890197611,Medan,2025-01-11,Bronze
CUST_0578,Customer 578,customer578@email.com,0811097552,Jakarta,2024-10-29,Premium
CUST_0579,Customer 579,customer579@email.com,0845496951,Bandung,2024-11-12,Regular
CUST_0580,Customer 580,customer580@email.com,0816072331,Medan,2025-05-11,Bronze
CUST_0581,Customer 581,customer581@email.com,0885405783,Surabaya,2024-12-03,Bronze
CUST_0582,Customer 582,customer582@email.com,0848735464,Jakarta,2024-11-21,Bronze
CUST_0583,Customer 583,customer583@email.com,0870445541,Semarang,2025-01-14,Bronze
CUST_0584,Customer 584,customer584@email.com,0892012822,Jakarta,2025-04-02,Premium
CUST_0585,Customer 585,customer585@email.com,0862868861,Bandung,2024-12-15,Bronze
CUST_0586,Customer 586,customer586@email.com,0859070856,Surabaya,2025-02-25,Bronze
CUST_0587,Customer 587,customer587@email.com,0878333267,Medan,2024-09-23,Premium
CUST_0588,Customer 588,customer588@email.com,0816080513,Jakarta,2025-03-28,Bronze
CUST_0589,Customer 589,customer589@email.com,0854699966,Medan,2024-09-14,Regular
CUST_0590,Customer 590,customer590@email.com,0829990477,Semarang,2024-09-16,Premium
CUST_0591,Customer 591,customer591@email.com,0854018830,Semarang,2024-12-25,Premium
CUST_0592,Customer 592,customer592@email.com,0862741471,Semarang,2025-01-04,Bronze
CUST_0593,Customer 593,customer593@email.com,0855147280,Semarang,2024-09-19,Bronze
CUST_0594,Customer 594,customer594@email.com,0875746104,Semarang,2025-01-04,Regular
CUST_0595,Customer 595,customer595@email.com,0812232974,Bandung,2024-12-19,Bronze
CUST_0596,Customer 596,customer596@email.com,0824710878,Medan,2024-08-12,Regular
CUST_0597,Customer 597,customer597@email.com,0894457912,Jakarta,2024-08-05,Regular
CUST_0598,Customer 598,customer598@email.com,0845638891,Semarang,2024-08-15,Premium
CUST_0599,Customer 599,customer599@email.com,0816892773,Semarang,2024-10-04,Premium
CUST_0600,Customer 600,customer600@email.com,0880361272,Semarang,2024-11-24,Premium
CUST_0601,Customer 601,customer601@email.com,0842507072,Jakarta,2024-08-17,Bronze
CUST_0602,Customer 602,customer602@email.com,0824749927,Surabaya,2025-05-28,Regular
CUST_0603,Customer 603,customer603@email.com,0852103092,Medan,2025-03-21,Regular
CUST_0604,Customer 604,customer604@email.com,0837365878,Medan,2024-09-23,Bronze
CUST_0605,Customer 605,customer605@email.com,0873297813,Jakarta,2024-06-10,Premium
CUST_0606,Customer 606,customer606@email.com,0879616482,Surabaya,2024-08-23,Regular
CUST_0607,Customer 607,customer607@email.com,0898882576,Medan,2024-09-10,Regular
CUST_0608,Customer 608,customer608@email.com,0852111160,Surabaya,2024-10-14,Bronze
CUST_0609,Customer 609,customer609@email.com,0855946354,Semarang,2024-12-07,Bronze
CUST_0610,Customer 610,customer610@email.com,0896343485,Bandung,2024-07-29,Regular
CUST_0611,Customer 611,customer611@email.com,0835805259,Surabaya,2025-01-15,Bronze
CUST_0612,Customer 612,customer612@email.com,0850063879,Surabaya,2025-01-05,Regular
CUST_0613,Customer 613,customer613@email.com,0837820354,Medan,2024-12-26,Regular
CUST_0614,Customer 614,customer614@email.com,0856815569,Semarang,2025-01-17,Regular
CUST_0615,Customer 615,customer615@email.com,0826357665,Semarang,2024-06-25,Bronze
CUST_0616,Customer 616,customer616@email.com,0860961690,Medan,2024-12-12,Premium
CUST_0617,Customer 617,customer617@email.com,0848983895,Jakarta,2025-01-10,Bronze
CUST_0618,Customer 618,customer618@email.com,0820607151,Bandung,2024-10-23,Bronze
CUST_0619,Customer 619,customer619@email.com,0844419327,Medan,2025-02-17,Premium
CUST_0620,Customer 620,customer620@email.com,0882286705,Bandung,2024-08-23,Bronze
CUST_0621,Customer 621,customer621@email.com,0846456416,Surabaya,2025-04-12,Bronze
CUST_0622,Customer 622,customer622@email.com,0888763056,Surabaya,2025-02-02,Premium
CUST_0623,Customer 623,customer623@email.com,0899903592,Semarang,2025-02-11,Bronze
CUST_0624,Customer 624,customer624@email.com,0841250794,Jakarta,2025-04-16,Regular
CUST_0625,Customer 625,customer625@email.com,0854331259,Medan,2025-04-16,Bronze
CUST_0626,Customer 626,customer626@email.com,0828450513,Jakarta,2024-08-29,Premium
CUST_0627,Customer 627,customer627@email.com,0864614193,Medan,2024-10-05,Bronze
CUST_0628,Customer 628,customer628@email.com,0836770527,Bandung,2024-12-24,Regular
CUST_0629,Customer 629,customer629@email.com,0896690951,Jakarta,2025-04-22,Bronze
CUST_0630,Customer 630,customer630@email.com,0887058874,Surabaya,2024-09-06,Bronze
CUST_0631,Customer 631,customer631@email.com,0815006085,Surabaya,2024-11-05,Premium
CUST_0632,Customer 632,customer632@email.com,0814877451,Medan,2024-09-26,Premium
CUST_0633,Customer 633,customer633@email.com,0848851599,Jakarta,2025-06-02,Regular
CUST_0634,Customer 634,customer634@email.com,0886230551,Semarang,2025-04-13,Regular
CUST_0635,Customer 635,customer635@email.com,0848193218,Medan,2024-07-13,Bronze
CUST_0636,Customer 636,customer636@email.com,0880372842,Medan,2025-03-30,Bronze
CUST_0637,Customer 637,customer637@email.com,0872816684,Bandung,2025-02-28,Premium
CUST_0638,Customer 638,customer638@email.com,0854383668,Surabaya,2024-10-15,Bronze
CUST_0639,Customer 639,customer639@email.com,0844529507,Surabaya,2025-05-30,Bronze
CUST_0640,Customer 640,customer640@email.com,0855246430,Bandung,2024-08-20,Bronze
CUST_0641,Customer 641,customer641@email.com,0835925669,Surabaya,2024-07-29,Bronze
CUST_0642,Customer 642,customer642@email.com,0864423996,Medan,2024-09-16,Regular
CUST_0643,Customer 643,customer643@email.com,0821641746,Medan,2024-06-29,Premium
CUST_0644,Customer 644,customer644@email.com,0834800912,Surabaya,2024-10-05,Regular
CUST_0645,Customer 645,customer645@email.com,0843292316,Jakarta,2025-01-24,Regular
CUST_0646,Customer 646,customer646@email.com,0841611127,Medan,2025-01-21,Regular
CUST_0647,Customer 647,customer647@email.com,0850526484,Semarang,2024-08-17,Premium
CUST_0648,Customer 648,customer648@email.com,0845105069,Bandung,2024-06-17,Premium
CUST_0649,Customer 649,customer649@email.com,0818338186,Jakarta,2024-10-11,Regular
CUST_0650,Customer 650,customer650@email.com,0831436829,Medan,2024-06-20,Bronze
CUST_0651,Customer 651,customer651@email.com,0851738753,Jakarta,2024-07-14,Regular
CUST_0652,Customer 652,customer652@email.com,0859330907,Semarang,2025-02-13,Premium
CUST_0653,Customer 653,customer653@email.com,0827927298,Medan,2025-03-20,Regular
CUST_0654,Customer 654,customer654@email.com,0891300905,Bandung,2024-11-06,Bronze
CUST_0655,Customer 655,customer655@email.com,0883717007,Medan,2024-09-04,Bronze
CUST_0656,Customer 656,customer656@email.com,0839314711,Surabaya,2024-06-23,Bronze
CUST_0657,Customer 657,customer657@email.com,0820988446,Semarang,2024-10-21,Bronze
CUST_0658,Customer 658,customer658@email.com,0858557943,Jakarta,2024-08-22,Premium
CUST_0659,Customer 659,customer659@email.com,0818289024,Semarang,2024-09-21,Premium
CUST_0660,Customer 660,customer660@email.com,0886866717,Semarang,2025-03-22,Premium
CUST_0661,Customer 661,customer661@email.com,0854039203,Semarang,2024-10-23,Premium
CUST_0662,Customer 662,customer662@email.com,0837568520,Semarang,2024-09-29,Premium
CUST_0663,Customer 663,customer663@email.com,0878501420,Medan,2025-05-09,Regular
CUST_0664,Customer 664,customer664@email.com,0827709269,Semarang,2024-11-06,Regular
CUST_0665,Customer 665,customer665@email.com,0885686878,Jakarta,2024-08-24,Regular
CUST_0666,Customer 666,customer666@email.com,0851361818,Jakarta,2024-11-16,Regular
CUST_0667,Customer 667,customer667@email.com,0810404729,Surabaya,2024-08-14,Premium
CUST_0668,Customer 668,customer668@email.com,0816078694,Medan,2024-12-12,Bronze
CUST_0669,Customer 669,customer669@email.com,0818557710,Semarang,2025-05-07,Premium
CUST_0670,Customer 670,customer670@email.com,0873360324,Jakarta,2025-01-11,Regular
CUST_0671,Customer 671,customer671@email.com,0834156684,Surabaya,2024-07-13,Bronze
CUST_0672,Customer 672,customer672@email.com,0896688655,Medan,2024-11-27,Regular
CUST_0673,Customer 673,customer673@email.com,0870201634,Medan,2024-11-26,Premium
CUST_0674,Customer 674,customer674@email.com,0898824290,Semarang,2025-03-30,Bronze
CUST_0675,Customer 675,customer675@email.com,0856676884,Jakarta,2025-03-07,Bronze
CUST_0676,Customer 676,customer676@email.com,0862755436,Semarang,2025-04-02,Bronze
CUST_0677,Customer 677,customer677@email.com,0839888974,Jakarta,2025-05-26,Regular
CUST_0678,Customer 678,customer678@email.com,0872143331,Semarang,2024-11-01,Bronze
CUST_0679,Customer 679,customer679@email.com,0860905625,Surabaya,2025-01-31,Regular
CUST_0680,Customer 680,customer680@email.com,0856460773,Surabaya,2025-01-16,Premium
CUST_0681,Customer 681,customer681@email.com,0825145751,Jakarta,2024-07-03,Regular
CUST_0682,Customer 682,customer682@email.com,0892533595,Jakarta,2025-02-03,Premium
CUST_0683,Customer 683,customer683@email.com,0819031632,Jakarta,2024-08-06,Premium
CUST_0684,Customer 684,customer684@email.com,0869920305,Semarang,2024-06-27,Bronze
CUST_0685,Customer 685,customer685@email.com,0816533225,Surabaya,2025-05-15,Regular
CUST_0686,Customer 686,customer686@email.com,0868916591,Surabaya,2024-09-03,Premium
CUST_0687,Customer 687,customer687@email.com,0817575790,Surabaya,2024-09-22,Regular
CUST_0688,Customer 688,customer688@email.com,0841428626,Semarang,2024-12-25,Bronze
CUST_0689,Customer 689,customer689@email.com,0890251151,Bandung,2025-02-05,Regular
CUST_0690,Customer 690,customer690@email.com,0829228089,Semarang,2025-02-13,Regular
CUST_0691,Customer 691,customer691@email.com,0850332555,Bandung,2025-05-06,Bronze
CUST_0692,Customer 692,customer692@email.com,0889412216,Surabaya,2024-07-21,Bronze
CUST_0693,Customer 693,customer693@email.com,0867337891,Semarang,2024-09-26,Premium
CUST_0694,Customer 694,customer694@email.com,0856226575,Medan,2024-09-11,Regular
CUST_0695,Customer 695,customer695@email.com,0865878146,Medan,2025-03-22,Regular
CUST_0696,Customer 696,customer696@email.com,0860527631,Surabaya,2024-09-04,Regular
CUST_0697,Customer 697,customer697@email.com,0842342202,Surabaya,2025-01-04,Bronze
CUST_0698,Customer 698,customer698@email.com,0829374563,Medan,2025-05-08,Bronze
CUST_0699,Customer 699,customer699@email.com,0865388634,Medan,2024-08-25,Bronze
CUST_0700,Customer 700,customer700@email.com,0827997624,Medan,2025-02-02,Regular
CUST_0701,Customer 701,customer701@email.com,0837291394,Bandung,2024-07-10,Premium
CUST_0702,Customer 702,customer702@email.com,0870369365,Bandung,2025-04-20,Bronze
CUST_0703,Customer 703,customer703@email.com,0835566010,Jakarta,2025-01-20,Regular
CUST_0704,Customer 704,customer704@email.com,0891197624,Semarang,2025-05-17,Premium
CUST_0705,Customer 705,customer705@email.com,0835254849,Semarang,2024-06-28,Bronze
CUST_0706,Customer 706,customer706@email.com,0839127464,Medan,2025-02-20,Regular
CUST_0707,Customer 707,customer707@email.com,0850693207,Jakarta,2025-02-18,Premium
CUST_0708,Customer 708,customer708@email.com,0825745913,Medan,2025-02-02,Bronze
CUST_0709,Customer 709,customer709@email.com,0891121400,Surabaya,2024-11-15,Premium
CUST_0710,Customer 710,customer710@email.com,0884098828,Bandung,2025-01-13,Regular
CUST_0711,Customer 711,customer711@email.com,0872579077,Semarang,2024-07-09,Regular
CUST_0712,Customer 712,customer712@email.com,0851395738,Bandung,2024-12-04,Bronze
CUST_0713,Customer 713,customer713@email.com,0876743428,Medan,2025-04-17,Bronze
CUST_0714,Customer 714,customer714@email.com,0873013937,Bandung,2025-02-22,Regular
CUST_0715,Customer 715,customer715@email.com,0851999682,Medan,2025-05-14,Bronze
CUST_0716,Customer 716,customer716@email.com,0839698906,Surabaya,2025-05-29,Regular
CUST_0717,Customer 717,customer717@email.com,0884264220,Semarang,2024-08-14,Bronze
CUST_0718,Customer 718,customer718@email.com,0866046380,Bandung,2025-03-20,Premium
CUST_0719,Customer 719,customer719@email.com,0854273769,Surabaya,2024-11-24,Bronze
CUST_0720,Customer 720,customer720@email.com,0842981324,Medan,2024-08-29,Bronze
CUST_0721,Customer 721,customer721@email.com,0855307111,Bandung,2024-09-29,Bronze
CUST_0722,Customer 722,customer722@email.com,0896126771,Medan,2024-10-14,Premium
CUST_0723,Customer 723,customer723@email.com,0857268285,Surabaya,2025-03-27,Bronze
CUST_0724,Customer 724,customer724@email.com,0883356206,Medan,2025-03-04,Bronze
CUST_0725,Customer 725,customer725@email.com,0896142207,Jakarta,2024-09-11,Premium
CUST_0726,Customer 726,customer726@email.com,0819976458,Jakarta,2025-06-03,Regular
CUST_0727,Customer 727,customer727@email.com,0828453800,Surabaya,2025-05-03,Bronze
CUST_0728,Customer 728,customer728@email.com,0830270856,Jakarta,2025-02-15,Bronze
CUST_0729,Customer 729,customer729@email.com,0871204580,Bandung,2025-05-07,Bronze
CUST_0730,Customer 730,customer730@email.com,0895594482,Semarang,2024-10-02,Bronze
CUST_0731,Customer 731,customer731@email.com,0875478707,Jakarta,2025-06-03,Bronze
CUST_0732,Customer 732,customer732@email.com,0884040345,Medan,2025-05-31,Premium
CUST_0733,Customer 733,customer733@email.com,0881057233,Bandung,2024-09-05,Regular
CUST_0734,Customer 734,customer734@email.com,0812300840,Semarang,2024-06-14,Bronze
CUST_0735,Customer 735,customer735@email.com,0867790557,Surabaya,2025-04-13,Premium
CUST_0736,Customer 736,customer736@email.com,0880381817,Surabaya,2025-02-03,Premium
CUST_0737,Customer 737,customer737@email.com,0893185576,Semarang,2025-01-28,Regular
CUST_0738,Customer 738,customer738@email.com,0845879718,Medan,2025-04-27,Regular
CUST_0739,Customer 739,customer739@email.com,0864496076,Medan,2024-08-21,Premium
CUST_0740,Customer 740,customer740@email.com,0840314047,Bandung,2024-06-21,Premium
CUST_0741,Customer 741,customer741@email.com,0897742922,Jakarta,2025-04-20,Regular
CUST_0742,Customer 742,customer742@email.com,0860903955,Medan,2024-08-28,Regular
CUST_0743,Customer 743,customer743@email.com,0817531619,Jakarta,2024-06-12,Premium
CUST_0744,Customer 744,customer744@email.com,0821097943,Medan,2024-10-27,Bronze
CUST_0745,Customer 745,customer745@email.com,0854462389,Semarang,2025-04-19,Bronze
CUST_0746,Customer 746,customer746@email.com,0815711200,Surabaya,2025-02-18,Bronze
CUST_0747,Customer 747,customer747@email.com,0886072480,Medan,2025-01-19,Premium
CUST_0748,Customer 748,customer748@email.com,0819978827,Bandung,2024-09-01,Bronze
CUST_0749,Customer 749,customer749@email.com,0898329927,Jakarta,2025-03-07,Regular
CUST_0750,Customer 750,customer750@email.com,0812101593,Surabaya,2024-08-10,Premium
CUST_0751,Customer 751,customer751@email.com,0863458386,Jakarta,2025-01-04,Premium
CUST_0752,Customer 752,customer752@email.com,0885693188,Surabaya,2024-08-20,Regular
CUST_0753,Customer 753,customer753@email.com,0882553061,Bandung,2024-11-22,Bronze
CUST_0754,Customer 754,customer754@email.com,0828783850,Jakarta,2024-09-23,Bronze
CUST_0755,Customer 755,customer755@email.com,0856420476,Jakarta,2025-04-17,Regular
CUST_0756,Customer 756,customer756@email.com,0841157840,Jakarta,2024-12-14,Bronze
CUST_0757,Customer 757,customer757@email.com,0892391596,Semarang,2024-11-15,Regular
CUST_0758,Customer 758,customer758@email.com,0813976288,Bandung,2024-10-19,Regular
CUST_0759,Customer 759,customer759@email.com,0840620216,Bandung,2024-08-27,Regular
CUST_0760,Customer 760,customer760@email.com,0867961650,Surabaya,2024-06-23,Bronze
CUST_0761,Customer 761,customer761@email.com,0898673882,Medan,2025-04-24,Bronze
CUST_0762,Customer 762,customer762@email.com,0849645162,Surabaya,2025-04-30,Premium
CUST_0763,Customer 763,customer763@email.com,0845966597,Surabaya,2024-11-24,Bronze
CUST_0764,Customer 764,customer764@email.com,0895080736,Surabaya,2024-11-19,Regular
CUST_0765,Customer 765,customer765@email.com,0858412365,Jakarta,2025-04-21,Premium
CUST_0766,Customer 766,customer766@email.com,0851374957,Medan,2024-12-04,Regular
CUST_0767,Customer 767,customer767@email.com,0823721268,Surabaya,2025-04-23,Premium
CUST_0768,Customer 768,customer768@email.com,0867845091,Medan,2024-08-25,Bronze
CUST_0769,Customer 769,customer769@email.com,0878778646,Medan,2025-04-15,Premium
CUST_0770,Customer 770,customer770@email.com,0822028437,Bandung,2024-08-27,Premium
CUST_0771,Customer 771,customer771@email.com,0890117857,Semarang,2024-12-22,Regular
CUST_0772,Customer 772,customer772@email.com,0811656329,Bandung,2024-11-07,Regular
CUST_0773,Customer 773,customer773@email.com,0821368176,Semarang,2025-02-02,Bronze
CUST_0774,Customer 774,customer774@email.com,0879941466,Surabaya,2024-06-21,Regular
CUST_0775,Customer 775,customer775@email.com,0832750139,Surabaya,2025-01-20,Regular
CUST_0776,Customer 776,customer776@email.com,0846024950,Medan,2025-03-24,Premium
CUST_0777,Customer 777,customer777@email.com,0832442197,Medan,2025-01-16,Regular
CUST_0778,Customer 778,customer778@email.com,0850232066,Medan,2025-04-28,Regular
CUST_0779,Customer 779,customer779@email.com,0843782566,Surabaya,2024-07-21,Regular
CUST_0780,Customer 780,customer780@email.com,0889699345,Semarang,2025-02-26,Regular
CUST_0781,Customer 781,customer781@email.com,0824357588,Surabaya,2025-01-02,Premium
CUST_0782,Customer 782,customer782@email.com,0863108878,Bandung,2024-07-24,Regular
CUST_0783,Customer 783,customer783@email.com,0854230340,Medan,2024-12-17,Regular
CUST_0784,Customer 784,customer784@email.com,0897380687,Semarang,2025-03-29,Regular
CUST_0785,Customer 785,customer785@email.com,0853038948,Semarang,2024-06-16,Premium
CUST_0786,Customer 786,customer786@email.com,0874291599,Bandung,2025-03-08,Regular
CUST_0787,Customer 787,customer787@email.com,0852833932,Bandung,2024-06-16,Bronze
CUST_0788,Customer 788,customer788@email.com,0875901885,Semarang,2025-02-02,Regular
CUST_0789,Customer 789,customer789@email.com,0860473288,Bandung,2024-11-17,Regular
CUST_0790,Customer 790,customer790@email.com,0825285764,Semarang,2025-02-24,Bronze
CUST_0791,Customer 791,customer791@email.com,0883233096,Surabaya,2024-06-22,Bronze
CUST_0792,Customer 792,customer792@email.com,0813612618,Medan,2024-06-09,Premium
CUST_0793,Customer 793,customer793@email.com,0868848427,Bandung,2024-06-17,Premium
CUST_0794,Customer 794,customer794@email.com,0864914054,Medan,2025-03-27,Bronze
CUST_0795,Customer 795,customer795@email.com,0850645509,Surabaya,2025-01-28,Bronze
CUST_0796,Customer 796,customer796@email.com,0830688754,Medan,2024-11-25,Premium
CUST_0797,Customer 797,customer797@email.com,0870272714,Semarang,2024-10-04,Bronze
CUST_0798,Customer 798,customer798@email.com,0863795149,Semarang,2024-09-20,Bronze
CUST_0799,Customer 799,customer799@email.com,0866143368,Semarang,2025-05-19,Regular
CUST_0800,Customer 800,customer800@email.com,0882062301,Semarang,2024-07-15,Premium
CUST_0801,Customer 801,customer801@email.com,0824679315,Surabaya,2024-07-05,Bronze
CUST_0802,Customer 802,customer802@email.com,0857648477,Surabaya,2024-07-10,Bronze
CUST_0803,Customer 803,customer803@email.com,0815945401,Semarang,2024-07-11,Bronze
CUST_0804,Customer 804,customer804@email.com,0896804457,Medan,2024-12-19,Regular
CUST_0805,Customer 805,customer805@email.com,0824219637,Jakarta,2025-04-17,Regular
CUST_0806,Customer 806,customer806@email.com,0839796480,Semarang,2024-09-14,Bronze
CUST_0807,Customer 807,customer807@email.com,0887915846,Semarang,2025-02-13,Regular
CUST_0808,Customer 808,customer808@email.com,0860213478,Medan,2024-10-12,Bronze
CUST_0809,Customer 809,customer809@email.com,0888999206,Semarang,2025-03-21,Regular
CUST_0810,Customer 810,customer810@email.com,0813296743,Medan,2025-04-14,Regular
CUST_0811,Customer 811,customer811@email.com,0865831276,Jakarta,2025-04-08,Bronze
CUST_0812,Customer 812,customer812@email.com,0829015320,Bandung,2024-12-29,Regular
CUST_0813,Customer 813,customer813@email.com,0871113711,Surabaya,2024-09-13,Regular
CUST_0814,Customer 814,customer814@email.com,0856748074,Medan,2025-04-18,Regular
CUST_0815,Customer 815,customer815@email.com,0870726434,Bandung,2025-05-03,Regular
CUST_0816,Customer 816,customer816@email.com,0815997257,Jakarta,2025-05-26,Regular
CUST_0817,Customer 817,customer817@email.com,0896969050,Jakarta,2024-06-25,Premium
CUST_0818,Customer 818,customer818@email.com,0842737441,Semarang,2025-03-09,Bronze
CUST_0819,Customer 819,customer819@email.com,0831493051,Bandung,2024-08-24,Regular
CUST_0820,Customer 820,customer820@email.com,0872015859,Surabaya,2024-11-11,Bronze
CUST_0821,Customer 821,customer821@email.com,0834756698,Surabaya,2024-07-14,Bronze
CUST_0822,Customer 822,customer822@email.com,0868000104,Medan,2025-05-23,Bronze
CUST_0823,Customer 823,customer823@email.com,0892424037,Surabaya,2024-10-19,Bronze
CUST_0824,Customer 824,customer824@email.com,0867653606,Medan,2025-06-04,Bronze
CUST_0825,Customer 825,customer825@email.com,0838829445,Surabaya,2025-01-15,Bronze
CUST_0826,Customer 826,customer826@email.com,0818397164,Semarang,2025-04-15,Bronze
CUST_0827,Customer 827,customer827@email.com,0835093324,Bandung,2024-12-22,Premium
CUST_0828,Customer 828,customer828@email.com,0871411378,Jakarta,2025-01-23,Bronze
CUST_0829,Customer 829,customer829@email.com,0875697427,Semarang,2024-07-14,Regular
CUST_0830,Customer 830,customer830@email.com,0890124068,Medan,2024-07-29,Regular
CUST_0831,Customer 831,customer831@email.com,0888786439,Jakarta,2024-12-10,Regular
CUST_0832,Customer 832,customer832@email.com,0871453007,Semarang,2025-03-10,Bronze
CUST_0833,Customer 833,customer833@email.com,0849922369,Semarang,2024-08-08,Premium
CUST_0834,Customer 834,customer834@email.com,0827978165,Bandung,2025-04-07,Premium
CUST_0835,Customer 835,customer835@email.com,0850987410,Jakarta,2025-03-05,Regular
CUST_0836,Customer 836,customer836@email.com,0828972822,Semarang,2024-11-20,Regular
CUST_0837,Customer 837,customer837@email.com,0890050918,Surabaya,2024-08-16,Regular
CUST_0838,Customer 838,customer838@email.com,0866779304,Surabaya,2024-09-30,Bronze
CUST_0839,Customer 839,customer839@email.com,0882125824,Surabaya,2024-08-26,Premium
CUST_0840,Customer 840,customer840@email.com,0875718640,Bandung,2025-03-27,Premium
CUST_0841,Customer 841,customer841@email.com,0852222214,Medan,2024-07-24,Premium
CUST_0842,Customer 842,customer842@email.com,0858189421,Jakarta,2024-10-01,Premium
CUST_0843,Customer 843,customer843@email.com,0836189702,Medan,2024-08-23,Bronze
CUST_0844,Customer 844,customer844@email.com,0897653539,Medan,2024-11-09,Bronze
CUST_0845,Customer 845,customer845@email.com,0875998330,Medan,2024-06-08,Regular
CUST_0846,Customer 846,customer846@email.com,0875592138,Surabaya,2025-04-25,Bronze
CUST_0847,Customer 847,customer847@email.com,0814142053,Surabaya,2025-01-08,Premium
CUST_0848,Customer 848,customer848@email.com,0846890134,Surabaya,2024-09-04,Regular
CUST_0849,Customer 849,customer849@email.com,0832576626,Medan,2024-08-21,Bronze
CUST_0850,Customer 850,customer850@email.com,0876479831,Semarang,2024-09-18,Premium
CUST_0851,Customer 851,customer851@email.com,0886868379,Jakarta,2025-01-20,Bronze
CUST_0852,Customer 852,customer852@email.com,0859239353,Semarang,2025-05-16,Bronze
CUST_0853,Customer 853,customer853@email.com,0869239219,Semarang,2025-02-15,Regular
CUST_0854,Customer 854,customer854@email.com,0823746101,Surabaya,2025-01-05,Premium
CUST_0855,Customer 855,customer855@email.com,0870362053,Bandung,2024-12-10,Premium
CUST_0856,Customer 856,customer856@email.com,0868930964,Jakarta,2025-02-05,Premium
CUST_0857,Customer 857,customer857@email.com,0888909809,Bandung,2024-06-08,Bronze
CUST_0858,Customer 858,customer858@email.com,0894929036,Medan,2025-03-14,Bronze
CUST_0859,Customer 859,customer859@email.com,0828687800,Surabaya,2025-02-21,Premium
CUST_0860,Customer 860,customer860@email.com,0886514083,Bandung,2024-09-07,Regular
CUST_0861,Customer 861,customer861@email.com,0890108882,Semarang,2025-03-12,Regular
CUST_0862,Customer 862,customer862@email.com,0849276764,Bandung,2024-08-17,Regular
CUST_0863,Customer 863,customer863@email.com,0879043610,Jakarta,2025-03-29,Regular
CUST_0864,Customer 864,customer864@email.com,0817957216,Bandung,2024-07-06,Premium
CUST_0865,Customer 865,customer865@email.com,0827809465,Surabaya,2025-03-24,Bronze
CUST_0866,Customer 866,customer866@email.com,0853231088,Surabaya,2024-06-25,Regular
CUST_0867,Customer 867,customer867@email.com,0875694038,Surabaya,2024-08-15,Bronze
CUST_0868,Customer 868,customer868@email.com,0846066605,Medan,2024-11-26,Regular
CUST_0869,Customer 869,customer869@email.com,0820135622,Jakarta,2024-11-12,Bronze
CUST_0870,Customer 870,customer870@email.com,0847342819,Bandung,2024-10-17,Regular
CUST_0871,Customer 871,customer871@email.com,0853928023,Semarang,2025-06-05,Bronze
CUST_0872,Customer 872,customer872@email.com,0822501261,Medan,2024-07-16,Bronze
CUST_0873,Customer 873,customer873@email.com,0858079840,Jakarta,2024-09-06,Regular
CUST_0874,Customer 874,customer874@email.com,0839236638,Medan,2025-02-18,Regular
CUST_0875,Customer 875,customer875@email.com,0846042404,Bandung,2025-01-12,Regular
CUST_0876,Customer 876,customer876@email.com,0883458776,Semarang,2025-04-01,Bronze
CUST_0877,Customer 877,customer877@email.com,0875140950,Bandung,2024-06-22,Premium
CUST_0878,Customer 878,customer878@email.com,0816166355,Jakarta,2024-07-21,Regular
CUST_0879,Customer 879,customer879@email.com,0812185246,Jakarta,2025-03-18,Regular
CUST_0880,Customer 880,customer880@email.com,0871272827,Jakarta,2024-10-30,Premium
CUST_0881,Customer 881,customer881@email.com,0827705074,Bandung,2025-03-17,Regular
CUST_0882,Customer 882,customer882@email.com,0822527880,Bandung,2025-01-29,Premium
CUST_0883,Customer 883,customer883@email.com,0859908025,Surabaya,2025-05-11,Regular
CUST_0884,Customer 884,customer884@email.com,0893967184,Bandung,2024-06-13,Premium
CUST_0885,Customer 885,customer885@email.com,0867610401,Jakarta,2024-06-11,Premium
CUST_0886,Customer 886,customer886@email.com,0810145801,Surabaya,2024-10-05,Premium
CUST_0887,Customer 887,customer887@email.com,0827810664,Semarang,2025-02-11,Bronze
CUST_0888,Customer 888,customer888@email.com,0869735865,Jakarta,2025-06-02,Bronze
CUST_0889,Customer 889,customer889@email.com,0856113741,Jakarta,2024-11-02,Bronze
CUST_0890,Customer 890,customer890@email.com,0827740248,Medan,2025-05-01,Premium
CUST_0891,Customer 891,customer891@email.com,0861414775,Jakarta,2025-04-15,Premium
CUST_0892,Customer 892,customer892@email.com,0852057323,Bandung,2025-01-04,Premium
CUST_0893,Customer 893,customer893@email.com,0861367949,Surabaya,2024-07-13,Bronze
CUST_0894,Customer 894,customer894@email.com,0829173414,Jakarta,2024-09-08,Bronze
CUST_0895,Customer 895,customer895@email.com,0811137460,Semarang,2024-07-09,Premium
CUST_0896,Customer 896,customer896@email.com,0869069144,Bandung,2025-02-17,Bronze
CUST_0897,Customer 897,customer897@email.com,0830317091,Medan,2024-07-26,Bronze
CUST_0898,Customer 898,customer898@email.com,0869375757,Surabaya,2025-04-23,Premium
CUST_0899,Customer 899,customer899@email.com,0828792245,Jakarta,2024-08-09,Bronze
CUST_0900,Customer 900,customer900@email.com,0861543890,Bandung,2024-10-30,Regular
CUST_0901,Customer 901,customer901@email.com,0828767690,Surabaya,2025-01-16,Bronze
CUST_0902,Customer 902,customer902@email.com,0821307671,Surabaya,2024-08-27,Bronze
CUST_0903,Customer 903,customer903@email.com,0890531692,Semarang,2025-01-12,Bronze
CUST_0904,Customer 904,customer904@email.com,0813600310,Bandung,2025-02-21,Bronze
CUST_0905,Customer 905,customer905@email.com,0891460345,Semarang,2025-03-02,Bronze
CUST_0906,Customer 906,customer906@email.com,0862579931,Bandung,2024-07-11,Premium
CUST_0907,Customer 907,customer907@email.com,0842123815,Medan,2024-11-21,Premium
CUST_0908,Customer 908,customer908@email.com,0842357445,Medan,2024-07-15,Bronze
CUST_0909,Customer 909,customer909@email.com,0819531069,Semarang,2025-05-31,Regular
CUST_0910,Customer 910,customer910@email.com,0852476240,Surabaya,2024-11-20,Bronze
CUST_0911,Customer 911,customer911@email.com,0866487347,Bandung,2024-08-31,Bronze
CUST_0912,Customer 912,customer912@email.com,0833188838,Medan,2025-04-30,Premium
CUST_0913,Customer 913,customer913@email.com,0888834594,Jakarta,2025-05-30,Regular
CUST_0914,Customer 914,customer914@email.com,0838956527,Jakarta,2025-05-07,Regular
CUST_0915,Customer 915,customer915@email.com,0877996124,Bandung,2024-07-20,Bronze
CUST_0916,Customer 916,customer916@email.com,0877249653,Medan,2024-11-02,Bronze
CUST_0917,Customer 917,customer917@email.com,0863992760,Jakarta,2024-07-14,Bronze
CUST_0918,Customer 918,customer918@email.com,0882162880,Semarang,2025-03-20,Regular
CUST_0919,Customer 919,customer919@email.com,0821220209,Bandung,2025-04-27,Bronze
CUST_0920,Customer 920,customer920@email.com,0837272705,Surabaya,2024-09-05,Regular
CUST_0921,Customer 921,customer921@email.com,0862443094,Semarang,2024-07-17,Bronze
CUST_0922,Customer 922,customer922@email.com,0896322745,Jakarta,2024-12-30,Bronze
CUST_0923,Customer 923,customer923@email.com,0868718382,Surabaya,2025-05-08,Premium
CUST_0924,Customer 924,customer924@email.com,0821571285,Medan,2025-04-08,Regular
CUST_0925,Customer 925,customer925@email.com,0892181084,Semarang,2025-05-09,Regular
CUST_0926,Customer 926,customer926@email.com,0899399687,Surabaya,2025-04-06,Premium
CUST_0927,Customer 927,customer927@email.com,0828416255,Jakarta,2025-03-15,Regular
CUST_0928,Customer 928,customer928@email.com,0856533974,Semarang,2024-09-15,Bronze
CUST_0929,Customer 929,customer929@email.com,0844795538,Surabaya,2024-11-28,Premium
CUST_0930,Customer 930,customer930@email.com,0846072958,Jakarta,2025-05-22,Regular
CUST_0931,Customer 931,customer931@email.com,0867622968,Bandung,2024-09-11,Premium
CUST_0932,Customer 932,customer932@email.com,0845292504,Semarang,2024-07-20,Premium
CUST_0933,Customer 933,customer933@email.com,0876591799,Medan,2024-09-18,Regular
CUST_0934,Customer 934,customer934@email.com,0817440911,Medan,2024-08-20,Premium
CUST_0935,Customer 935,customer935@email.com,0859350218,Surabaya,2025-01-27,Premium
CUST_0936,Customer 936,customer936@email.com,0887029205,Jakarta,2025-02-10,Bronze
CUST_0937,Customer 937,customer937@email.com,0878293320,Jakarta,2025-05-15,Premium
CUST_0938,Customer 938,customer938@email.com,0842823140,Jakarta,2024-10-08,Regular
CUST_0939,Customer 939,customer939@email.com,0861402634,Surabaya,2025-03-07,Premium
CUST_0940,Customer 940,customer940@email.com,0884204255,Medan,2025-02-12,Regular
CUST_0941,Customer 941,customer941@email.com,0843321320,Medan,2024-12-25,Regular
CUST_0942,Customer 942,customer942@email.com,0820453825,Semarang,2024-11-28,Premium
CUST_0943,Customer 943,customer943@email.com,0877382794,Jakarta,2025-03-07,Premium
CUST_0944,Customer 944,customer944@email.com,0879226031,Jakarta,2024-11-13,Premium
CUST_0945,Customer 945,customer945@email.com,0872423883,Bandung,2024-12-29,Regular
CUST_0946,Customer 946,customer946@email.com,0821594468,Semarang,2024-10-16,Premium
CUST_0947,Customer 947,customer947@email.com,0859515518,Surabaya,2025-01-08,Bronze
CUST_0948,Customer 948,customer948@email.com,0850790016,Semarang,2025-02-02,Regular
CUST_0949,Customer 949,customer949@email.com,0859428849,Semarang,2024-09-27,Premium
CUST_0950,Customer 950,customer950@email.com,0883357939,Surabaya,2025-03-21,Premium
CUST_0951,Customer 951,customer951@email.com,0865034115,Jakarta,2025-02-07,Bronze
CUST_0952,Customer 952,customer952@email.com,0856496201,Jakarta,2024-12-17,Premium
CUST_0953,Customer 953,customer953@email.com,0898221829,Medan,2024-12-31,Premium
CUST_0954,Customer 954,customer954@email.com,0837540722,Semarang,2025-02-05,Regular
CUST_0955,Customer 955,customer955@email.com,0876038997,Jakarta,2025-03-26,Bronze
CUST_0956,Customer 956,customer956@email.com,0847557512,Jakarta,2025-05-15,Premium
CUST_0957,Customer 957,customer957@email.com,0879760901,Medan,2024-06-13,Regular
CUST_0958,Customer 958,customer958@email.com,0871533194,Jakarta,2024-08-13,Premium
CUST_0959,Customer 959,customer959@email.com,0877837366,Surabaya,2024-07-15,Regular
CUST_0960,Customer 960,customer960@email.com,0820043577,Semarang,2024-08-20,Premium
CUST_0961,Customer 961,customer961@email.com,0868382413,Surabaya,2025-02-05,Regular
CUST_0962,Customer 962,customer962@email.com,0845029610,Bandung,2024-11-17,Bronze
CUST_0963,Customer 963,customer963@email.com,0853788744,Bandung,2024-10-18,Regular
CUST_0964,Customer 964,customer964@email.com,0841354768,Jakarta,2025-02-23,Premium
CUST_0965,Customer 965,customer965@email.com,0888478184,Jakarta,2025-03-19,Premium
CUST_0966,Customer 966,customer966@email.com,0832062036,Medan,2024-10-11,Regular
CUST_0967,Customer 967,customer967@email.com,0864561191,Jakarta,2024-09-05,Regular
CUST_0968,Customer 968,customer968@email.com,0837868462,Medan,2024-12-31,Regular
CUST_0969,Customer 969,customer969@email.com,0845568761,Jakarta,2025-04-21,Premium
CUST_0970,Customer 970,customer970@email.com,0850831043,Semarang,2025-05-17,Premium
CUST_0971,Customer 971,customer971@email.com,0853995720,Surabaya,2025-04-21,Bronze
CUST_0972,Customer 972,customer972@email.com,0843315361,Bandung,2024-11-16,Bronze
CUST_0973,Customer 973,customer973@email.com,0816570040,Bandung,2025-01-24,Premium
CUST_0974,Customer 974,customer974@email.com,0814171767,Medan,2024-10-18,Bronze
CUST_0975,Customer 975,customer975@email.com,0883835976,Surabaya,2025-04-19,Regular
CUST_0976,Customer 976,customer976@email.com,0823677772,Surabaya,2025-04-05,Premium
CUST_0977,Customer 977,customer977@email.com,0818277097,Surabaya,2025-04-01,Premium
CUST_0978,Customer 978,customer978@email.com,0863765180,Bandung,2024-06-20,Bronze
CUST_0979,Customer 979,customer979@email.com,0896528158,Jakarta,2024-08-12,Bronze
CUST_0980,Customer 980,customer980@email.com,0844738319,Jakarta,2025-05-26,Premium
CUST_0981,Customer 981,customer981@email.com,0836541600,Medan,2025-04-02,Premium
CUST_0982,Customer 982,customer982@email.com,0854499873,Jakarta,2025-05-16,Regular
CUST_0983,Customer 983,customer983@email.com,0816796477,Surabaya,2024-08-17,Regular
CUST_0984,Customer 984,customer984@email.com,0863015826,Medan,2025-05-22,Regular
CUST_0985,Customer 985,customer985@email.com,0867265875,Surabaya,2024-12-07,Premium
CUST_0986,Customer 986,customer986@email.com,0835118997,Bandung,2025-01-14,Regular
CUST_0987,Customer 987,customer987@email.com,0829948970,Jakarta,2024-07-27,Bronze
CUST_0988,Customer 988,customer988@email.com,0892809273,Surabaya,2024-07-10,Regular
CUST_0989,Customer 989,customer989@email.com,0876960098,Medan,2024-08-29,Regular
CUST_0990,Customer 990,customer990@email.com,0818184472,Jakarta,2025-01-14,Regular
CUST_0991,Customer 991,customer991@email.com,0828419506,Medan,2025-02-24,Bronze
CUST_0992,Customer 992,customer992@email.com,0880573568,Surabaya,2024-07-19,Bronze
CUST_0993,Customer 993,customer993@email.com,0812621269,Medan,2024-12-05,Regular
CUST_0994,Customer 994,customer994@email.com,0883083942,Medan,2024-12-12,Bronze
CUST_0995,Customer 995,customer995@email.com,0877430081,Bandung,2024-11-20,Regular
CUST_0996,Customer 996,customer996@email.com,0834134478,Jakarta,2024-12-25,Bronze
CUST_0997,Customer 997,customer997@email.com,0839396392,Jakarta,2025-01-14,Premium
CUST_0998,Customer 998,customer998@email.com,0873308406,Semarang,2024-12-05,Bronze
CUST_0999,Customer 999,customer999@email.com,0841240803,Surabaya,2025-04-16,Premium
CUST_1000,Customer 1000,customer1000@email.com,0898162850,Surabaya,2025-01-21,Bronze
